bikes,bike_stands,temp_c,feelslike_c,wind_kph,humidity,precip_mm,gust_kph,wind_degree,pressure_mb,cloud,uv
23,8,5.8,1.1,30.1,84.33,0.078,50.0,257,994.4,64.9,0
23,8,5.0,0.1,29.9,86.73,0.0,68.8,257,994.8,25.0,0
23,8,4.8,-0.1,28.5,83.05,0.0,48.2,257,995.5,17.2,0
23,8,4.5,0.0,24.0,83.87,0.0,42.5,254,996.4,17.3,0
23,8,4.7,0.5,22.3,82.67,0.0,61.6,240,997.2,17.2,0
23,8,4.0,-0.1,19.6,84.11,0.0,56.5,237,997.6,17.2,0
24,8,3.9,-0.4,20.4,83.16,0.0,35.3,234,997.6,19.7,0
24,7,4.0,0.2,17.7,85.15,0.0,45.0,237,998.3,25.0,0
24,7,3.8,0.2,16.0,84.53,0.0,36.4,237,998.4,17.2,0
25,6,3.8,0.6,13.0,81.82,0.0,24.5,216,998.5,24.9,0
26,5,4.0,1.1,11.4,83.29,0.0,13.0,205,998.5,85.1,0
27,5,5.1,2.7,10.0,82.36,0.0,10.1,163,998.1,84.6,0
28,3,5.9,3.5,11.3,77.89,0.001,15.1,142,996.8,86.4,0
28,3,5.9,3.0,14.0,87.65,0.0,20.9,130,995.1,94.3,0
30,2,6.1,2.6,19.3,90.1,0.0,27.4,116,992.8,94.3,0
29,3,7.1,3.6,21.9,92.81,0.0,42.5,131,990.0,94.3,0
26,5,7.9,4.2,26.5,94.76,0.0,44.6,137,987.9,96.1,0
24,7,8.5,5.5,20.5,95.63,0.0,34.9,129,985.0,96.1,0
22,9,8.9,5.6,23.3,95.98,5.312,34.2,124,982.8,96.1,0
22,10,9.6,6.3,27.0,95.58,0.0,36.7,157,980.4,94.2,0
21,10,10.4,10.4,21.2,91.19,0.0,56.5,240,980.1,94.2,0
21,11,10.3,10.3,26.5,86.2,0.0,40.7,240,980.4,85.1,0
20,11,10.1,10.1,27.8,86.15,0.0,46.4,237,980.7,86.4,0
21,11,10.0,10.0,27.3,86.76,0.0,46.4,237,981.5,90.3,0
21,10,9.9,6.9,25.0,86.36,1.511,60.1,237,981.6,77.1,0
21,10,9.8,6.4,28.8,84.46,0.0,44.6,237,982.3,86.4,0
21,10,9.1,5.9,24.4,86.92,0.0,61.2,237,982.4,34.0,0
21,10,8.9,6.0,20.2,86.67,0.0,60.8,237,982.3,35.3,0
21,10,9.0,6.0,22.0,86.62,0.0,55.1,227,982.1,48.9,0
21,10,9.1,6.2,20.4,85.55,0.0,46.1,220,981.4,59.9,0
14,18,9.3,6.9,16.1,86.64,0.0,27.4,181,981.2,81.8,0
8,23,9.3,6.9,16.4,87.04,0.0,28.4,196,980.9,90.3,0
11,20,9.3,7.6,11.1,87.03,0.0,14.8,161,979.9,90.3,0
5,27,9.1,7.4,11.0,88.51,0.0,9.7,174,979.1,92.0,0
3,29,9.1,7.3,12.0,91.61,0.0,9.0,167,978.2,90.3,0
4,27,9.3,8.5,6.7,92.02,0.0,8.6,218,978.2,96.1,0
6,25,9.1,7.0,13.8,93.47,0.755,6.8,233,978.2,96.1,0
6,25,8.7,6.3,15.3,89.71,0.0,25.2,240,978.3,96.1,0
7,25,8.5,6.0,15.3,93.59,0.0,36.4,229,978.5,96.1,0
6,25,8.0,5.4,15.0,94.06,0.0,36.7,239,978.9,96.1,0
7,24,7.9,5.1,16.9,93.48,0.0,39.2,250,979.5,92.2,0
8,23,7.9,5.5,14.1,92.65,0.0,37.8,241,980.2,89.1,0
6,26,7.8,4.7,18.3,90.85,3.794,44.6,253,981.2,89.0,0
5,26,7.5,4.4,18.6,91.0,0.0,46.1,244,981.5,88.8,0
6,26,6.9,3.8,17.7,92.85,0.0,42.5,230,981.6,84.9,0
4,27,7.0,4.0,17.1,91.78,0.0,36.0,220,982.3,37.3,0
3,29,7.0,4.0,16.4,90.9,0.0,33.8,217,982.4,72.9,0
2,30,6.8,4.0,15.6,88.56,0.0,32.4,220,982.4,37.1,0
1,31,6.8,3.9,15.2,88.46,0.374,20.9,224,982.4,83.6,0
0,31,6.9,4.3,14.0,88.87,0.0,22.3,227,982.4,85.0,0
0,31,7.1,4.4,15.0,88.16,0.0,15.8,234,982.4,85.0,0
0,31,7.0,4.8,11.5,88.95,0.0,11.9,230,982.5,85.1,0
0,31,7.1,4.4,14.5,88.64,0.0,10.1,244,982.5,87.5,0
0,31,6.9,4.7,11.5,88.4,0.0,9.4,230,983.2,89.0,0
2,30,6.9,4.5,12.4,92.69,0.0,18.7,233,983.5,89.1,0
6,26,6.7,4.0,13.8,92.84,0.0,20.9,227,984.3,82.0,0
10,21,6.9,4.6,12.1,92.52,0.0,25.2,237,985.0,90.4,0
12,19,6.8,4.1,14.2,94.12,0.0,27.7,254,985.6,89.1,0
14,16,6.9,4.0,15.3,94.38,0.0,32.4,254,986.4,87.8,0
7,23,6.9,3.2,21.9,94.37,0.0,36.4,264,987.5,89.1,0
8,23,7.0,3.8,18.1,94.37,0.0,37.1,257,988.2,89.1,0
8,24,7.4,4.6,15.9,93.27,0.0,37.8,249,988.4,76.8,0
7,25,8.1,4.5,24.2,89.57,0.0,37.1,270,989.2,89.0,1
3,28,7.9,4.9,18.9,89.32,0.0,33.1,270,989.6,87.8,1
0,31,7.8,5.6,12.7,92.64,0.0,34.9,250,990.4,87.8,0
1,30,8.0,5.7,13.8,91.84,0.0,35.6,254,991.4,87.4,0
1,30,7.8,5.3,14.6,88.39,0.001,38.9,241,992.4,63.8,0
0,31,7.8,5.1,15.8,88.54,0.0,40.7,237,993.2,87.8,0
0,31,7.9,4.9,18.3,88.39,0.0,42.1,237,994.1,87.8,0
0,31,7.6,4.4,19.1,89.13,0.0,42.8,238,994.4,85.2,0
0,31,7.1,3.9,18.9,89.82,0.0,45.0,233,995.0,76.8,0
0,31,7.1,3.6,21.1,89.19,0.0,46.1,243,995.2,87.8,0
0,31,7.0,3.9,17.7,91.68,0.003,51.5,237,995.6,89.0,0
0,31,7.1,3.6,20.4,86.96,0.0,51.8,247,996.2,89.0,0
0,31,6.6,2.8,22.1,89.47,0.0,48.2,237,996.4,79.4,0
0,31,6.1,2.4,20.7,87.42,0.0,48.6,234,996.7,89.0,0
0,31,6.0,2.0,23.4,85.6,0.0,50.0,234,997.3,74.2,0
0,31,5.6,1.4,24.2,84.47,0.0,38.9,234,997.3,81.2,0
2,30,5.5,1.4,22.3,83.54,0.0,42.5,244,997.3,37.1,0
5,27,4.8,0.9,19.4,87.15,0.0,43.2,237,997.8,17.2,0
6,25,4.6,1.4,14.1,84.22,0.0,36.7,237,998.4,25.0,0
8,22,4.4,1.1,15.1,84.52,0.0,30.2,227,998.5,25.0,0
5,24,4.9,2.1,12.7,83.48,0.0,28.1,234,998.6,17.2,0
9,21,5.9,2.8,15.8,81.47,0.0,31.7,234,998.6,17.2,1
10,20,6.8,3.8,16.1,78.36,0.0,32.0,240,998.4,17.1,2
12,20,6.9,4.0,16.1,78.15,0.0,33.1,253,998.2,17.2,0
16,16,7.0,4.4,14.4,79.97,0.0,33.5,244,998.0,25.0,1
16,15,7.0,4.8,11.4,77.72,0.0,32.0,237,998.0,39.7,0
18,13,5.6,3.1,11.1,83.58,0.0,21.2,244,998.2,45.0,0
17,15,4.8,2.5,9.9,87.2,0.0,14.8,234,998.1,36.9,0
17,14,4.7,2.5,9.1,86.72,0.002,12.6,229,998.5,17.5,0
15,17,4.8,2.6,9.1,88.1,0.0,16.2,234,999.0,37.3,0
8,23,5.1,2.5,11.9,88.46,0.0,20.9,237,999.3,87.8,0
6,26,4.3,1.9,10.1,93.4,0.0,25.6,252,999.5,75.9,0
7,24,4.2,1.2,12.0,95.12,0.0,25.6,265,1000.0,57.1,0
5,27,4.1,0.9,13.4,94.94,0.0,26.3,270,1000.4,60.4,0
5,26,4.2,1.0,13.5,97.22,0.004,25.6,265,1000.5,92.1,0
5,26,3.9,0.1,16.8,99.53,0.0,26.3,268,1001.2,92.2,0
5,26,4.2,0.6,16.5,97.48,0.0,29.9,267,1001.3,92.0,0
5,26,3.9,0.0,17.9,98.89,0.0,29.5,267,1001.5,85.1,0
5,26,3.9,-0.1,17.8,96.14,0.0,32.8,273,1001.8,83.6,0
5,26,3.3,-1.0,19.5,96.29,0.0,33.5,264,1002.3,57.1,0
6,25,2.8,-1.8,20.8,94.89,0.0,35.6,282,1002.6,19.7,0
10,22,3.0,-1.7,21.6,95.4,0.0,36.4,271,1003.5,47.4,0
14,17,2.4,-2.4,20.8,97.07,0.0,36.4,274,1004.4,39.6,0
15,15,2.3,-2.5,20.8,97.14,0.0,36.7,274,1005.3,39.6,0
20,11,3.7,-0.7,20.5,91.72,0.0,37.4,277,1006.2,27.7,0
20,11,4.7,0.6,20.5,90.04,0.0,38.2,284,1006.8,27.6,1
25,6,5.9,1.9,22.5,87.38,0.001,36.7,284,1007.2,17.2,2
29,2,6.8,3.0,23.6,82.61,0.0,41.0,291,1007.3,17.2,0
28,3,6.9,2.9,25.4,82.02,0.0,42.1,287,1007.7,17.1,1
16,15,6.5,2.7,23.1,83.16,0.0,39.2,284,1008.4,26.3,0
4,27,5.5,1.8,19.2,84.13,0.0,33.8,275,1009.4,17.4,0
4,28,4.3,0.2,19.8,88.76,0.0,32.8,275,1010.3,17.2,0
1,30,3.9,0.0,17.9,88.91,0.0,33.5,265,1010.8,17.2,0
2,29,3.6,-0.4,17.9,89.71,0.0,33.1,262,1011.6,17.2,0
2,29,3.1,-1.3,19.6,92.88,0.0,32.8,274,1012.4,19.7,0
2,29,2.9,-1.4,19.3,93.3,0.0,34.2,266,1012.9,17.2,0
1,30,2.7,-1.5,17.8,93.63,0.0,34.2,262,1013.6,24.9,0
4,28,2.1,-2.1,17.0,92.07,0.0,32.8,264,1013.9,19.7,0
4,28,2.0,-2.3,17.3,93.17,0.001,30.6,262,1014.5,17.2,0
1,30,1.9,-1.9,13.8,93.25,0.0,32.0,257,1015.3,17.2,0
1,30,2.0,-2.2,16.9,89.95,0.0,31.3,259,1015.6,17.2,0
1,30,1.5,-2.4,14.4,92.54,0.0,30.2,264,1016.4,17.2,0
1,30,1.2,-2.8,14.7,94.82,0.0,30.2,267,1016.6,17.2,0
1,30,1.1,-3.4,17.5,93.66,0.0,29.2,263,1017.3,17.2,0
3,29,0.9,-3.5,16.7,94.79,0.0,28.8,264,1017.6,35.9,0
5,26,1.4,-3.0,16.7,95.6,0.0,28.8,265,1018.5,17.3,0
8,23,1.0,-3.7,18.2,93.66,0.0,27.7,272,1019.4,17.2,0
11,20,0.9,-3.9,18.2,94.09,0.0,27.0,275,1020.4,28.8,0
14,18,1.7,-2.7,17.9,93.43,0.0,27.7,272,1020.9,17.2,0
17,14,2.4,-1.7,16.8,93.11,0.0,27.4,275,1021.5,17.2,1
18,13,3.9,0.1,17.5,88.19,0.002,29.9,277,1021.6,17.2,2
19,13,5.0,1.6,16.8,86.99,0.0,31.0,284,1021.6,17.2,1
19,12,5.7,2.4,16.5,84.29,0.0,31.0,284,1021.6,17.2,0
22,10,5.8,3.1,12.7,85.75,0.0,29.9,265,1022.5,17.2,0
26,6,4.7,2.4,10.0,87.65,0.0,27.0,258,1023.3,17.2,0
29,2,2.5,-1.4,15.5,90.46,0.0,24.1,269,1023.7,17.2,0
25,6,1.8,-2.7,18.2,94.19,0.0,23.0,282,1024.3,17.2,0
24,8,1.4,-2.4,13.7,94.99,0.0,22.7,272,1024.5,17.2,0
22,9,1.5,-1.2,8.7,96.34,0.0,21.2,245,1025.4,17.2,0
24,8,1.2,-2.5,12.5,98.6,0.0,20.5,275,1025.5,46.1,0
23,8,1.0,-3.1,15.0,97.67,0.0,19.4,286,1025.5,47.4,0
22,10,0.7,-3.2,13.5,94.88,0.0,19.8,286,1025.7,19.7,0
22,9,-0.3,-4.1,11.9,97.2,0.0,20.2,284,1026.6,24.8,0
23,8,0.0,-3.8,11.9,98.97,0.0,20.5,269,1026.8,19.7,0
23,8,0.1,-3.3,10.8,96.57,0.0,20.2,302,1027.4,26.2,0
23,8,-1.2,-4.3,8.4,97.64,0.0,19.1,290,1027.6,17.2,0
23,8,-1.4,-4.9,9.9,95.45,0.0,18.0,293,1027.8,14.2,0
23,8,-1.8,-5.4,10.1,94.52,0.0,16.6,294,1028.5,27.5,0
22,9,-1.7,-5.5,10.4,93.88,0.0,15.5,292,1028.7,38.5,0
24,8,-2.5,-6.4,10.5,98.08,0.0,16.2,266,1029.5,40.4,0
24,7,-2.8,-7.2,12.5,94.1,0.0,16.2,279,1029.8,26.2,0
24,7,-2.7,-7.3,13.1,94.66,0.0,17.6,274,1030.6,21.1,0
26,5,-1.6,-5.4,10.5,95.62,0.0,17.3,273,1030.7,32.8,0
29,3,-0.5,-3.7,9.4,94.75,0.0,17.3,273,1031.4,32.8,1
31,1,0.6,-2.6,10.1,94.23,0.003,16.9,283,1031.5,39.6,2
31,1,0.0,0.0,4.7,97.17,0.0,18.0,252,1031.5,74.1,0
30,2,1.4,-1.1,8.3,94.38,0.0,17.3,298,1031.2,61.1,1
28,3,1.1,-0.8,6.3,98.06,0.0,16.6,283,1031.5,66.2,0
25,7,1.7,0.1,5.6,95.84,0.0,14.0,259,1031.6,81.2,0
24,7,0.7,-1.3,6.3,96.17,0.0,11.5,296,1032.2,72.8,0
24,7,-0.1,-2.2,6.0,94.84,0.0,8.3,280,1032.5,27.6,0
19,12,-0.9,-2.8,5.6,96.16,0.0,9.0,295,1032.6,41.2,0
19,12,-0.3,-3.1,8.0,99.6,0.0,7.2,74,1033.2,67.7,0
18,14,0.6,-1.7,7.0,98.86,0.0,5.8,51,1033.1,75.4,0
17,14,1.6,1.6,4.7,97.25,0.0,5.0,110,1033.3,67.4,0
18,14,2.5,0.6,6.9,97.97,0.0,4.7,109,1033.5,87.8,0
18,14,2.5,-0.6,11.0,95.22,2.987,4.3,67,1033.6,89.0,0
17,14,2.8,1.2,6.0,94.78,0.0,9.7,50,1033.6,78.1,0
17,14,1.9,-0.8,9.4,94.04,0.0,13.7,141,1033.6,43.8,0
17,14,1.2,-0.8,6.6,90.65,0.0,11.5,81,1033.7,67.8,0
17,14,1.7,-0.9,8.4,92.47,0.0,9.7,87,1034.1,87.8,0
17,14,2.6,-0.5,11.6,94.5,0.0,14.0,117,1034.1,89.0,0
18,13,3.3,-0.2,14.7,82.09,0.0,20.5,110,1034.2,89.0,0
21,10,3.8,0.1,16.1,78.76,0.0,25.6,101,1034.3,87.8,0
7,25,3.9,-0.1,18.8,71.03,0.0,29.5,97,1034.5,89.0,0
8,23,3.9,-0.9,24.6,74.6,0.0,30.2,103,1035.0,89.0,0
12,19,3.8,-0.3,18.5,72.37,0.0,29.9,116,1035.3,89.0,0
13,19,3.8,0.1,16.6,73.78,0.0,31.7,116,1035.6,89.1,0
13,18,4.5,0.4,20.4,68.65,0.003,37.4,110,1035.5,89.1,1
15,16,4.6,0.7,19.8,67.71,0.0,38.5,107,1035.2,77.3,1
16,15,4.6,0.4,21.4,65.67,0.0,38.5,100,1035.0,72.6,1
17,14,4.6,0.8,18.9,62.04,0.0,37.4,104,1034.5,74.2,0
18,14,4.0,-0.3,20.8,65.3,0.0,38.2,90,1034.5,78.1,0
13,19,3.8,-0.7,21.4,65.81,0.0,39.2,87,1035.0,89.0,0
10,21,3.5,-0.8,20.2,65.49,0.0,38.9,97,1034.6,76.8,0
10,22,3.8,-0.6,21.0,60.76,0.0,45.4,104,1035.2,89.0,0
10,21,3.1,-1.4,20.6,67.58,0.0,45.4,100,1035.2,89.1,0
8,24,3.4,-1.4,24.2,64.1,0.0,46.8,97,1035.1,89.0,0
8,23,3.2,-2.1,28.2,65.61,0.0,46.4,97,1035.0,87.8,0
10,22,3.1,-2.3,29.2,63.35,0.0,51.5,97,1034.6,91.7,0
10,22,3.5,-1.7,28.0,57.55,0.0,48.2,101,1034.6,89.0,0
9,22,3.7,-1.3,27.2,57.91,0.0,53.6,97,1034.3,93.0,0
9,22,3.7,-1.3,26.2,59.04,0.0,52.2,97,1034.0,93.0,0
9,22,3.8,-1.6,30.6,58.16,0.0,44.6,101,1034.1,89.0,0
9,22,3.8,-1.5,30.2,57.32,0.0,52.9,100,1034.2,89.0,0
9,22,3.3,-1.9,28.2,62.18,0.0,52.9,97,1033.6,89.1,0
11,21,3.8,-1.5,30.1,59.58,0.0,51.1,97,1033.5,89.0,0
15,16,3.8,-1.5,29.2,61.01,0.0,50.0,104,1034.0,89.0,0
13,19,3.9,-1.5,32.3,66.17,0.0,48.6,90,1034.1,87.8,0
12,19,3.7,-1.7,30.7,65.41,0.0,46.8,90,1034.3,87.8,0
15,16,4.0,-1.3,30.9,64.97,0.0,45.7,90,1034.6,87.7,0
18,14,4.1,-1.4,33.4,64.78,0.0,49.0,90,1035.0,75.4,0
18,14,4.7,-0.2,28.6,64.8,0.0,50.8,97,1034.7,81.0,1
20,11,4.8,0.2,25.8,63.45,0.0,51.1,92,1034.9,73.5,0
20,12,4.6,-0.4,30.2,65.6,0.0,48.6,80,1034.2,65.0,0
11,20,4.4,-0.7,29.5,66.67,0.0,44.6,80,1034.2,81.1,0
10,22,4.0,-1.1,28.9,69.78,0.0,41.4,80,1034.3,80.9,0
13,19,3.9,-1.0,25.5,70.69,0.0,37.8,73,1034.6,75.4,0
15,16,4.0,-0.9,27.0,70.13,0.0,38.9,70,1035.0,81.2,0
11,21,3.9,-1.5,31.4,70.45,0.0,40.0,70,1035.0,81.2,0
8,24,4.0,-1.0,27.8,70.46,0.0,40.3,77,1035.0,83.5,0
7,25,4.0,-0.6,24.1,73.81,0.0,46.4,80,1035.1,87.8,0
6,25,4.0,-1.1,28.9,74.41,0.0,41.8,71,1035.1,87.4,0
3,29,3.9,-1.2,29.1,72.56,0.0,42.1,77,1035.1,83.6,0
2,30,3.9,-1.3,29.1,71.73,0.0,37.1,73,1035.1,83.5,0
1,30,3.7,-1.6,29.9,71.51,0.0,38.2,70,1035.0,83.5,0
1,30,3.8,-1.4,28.4,71.37,0.0,36.4,77,1034.6,75.7,0
1,30,3.8,-1.3,27.8,71.58,0.0,34.9,80,1034.6,83.7,0
1,30,4.1,-0.3,22.1,73.12,0.0,34.2,78,1035.0,81.9,0
1,30,4.0,-0.8,25.1,74.21,0.0,33.1,74,1034.5,87.8,0
4,28,4.6,0.0,24.7,74.67,0.0,36.4,71,1034.3,87.8,0
8,24,4.8,0.2,25.7,72.24,0.0,36.7,80,1034.3,87.8,0
12,19,4.9,0.6,23.4,71.25,0.0,36.7,71,1034.9,87.8,0
14,17,5.0,1.0,20.8,73.93,0.0,34.2,72,1035.0,89.0,0
11,19,5.7,2.3,17.5,70.7,0.0,31.7,68,1035.1,89.0,0
6,25,5.9,1.8,24.3,74.73,0.0,31.0,73,1035.2,89.0,0
6,25,6.4,2.5,23.1,76.25,0.0,33.1,56,1035.0,87.4,1
6,26,5.9,2.1,21.3,72.39,0.0,33.1,74,1034.9,89.0,0
7,24,5.9,2.2,19.9,76.2,0.0,30.2,61,1034.5,87.8,0
4,27,5.8,2.4,17.3,76.65,0.0,31.0,40,1034.4,89.1,0
3,29,5.6,2.2,16.8,75.59,0.0,31.3,43,1034.5,88.9,0
2,30,5.2,1.9,15.9,83.33,0.0,28.8,40,1034.6,89.1,0
6,25,5.1,1.4,18.6,85.79,0.075,21.2,44,1035.0,90.3,0
9,22,5.5,2.2,16.3,80.35,0.0,26.3,54,1035.2,89.0,0
5,27,5.6,2.7,13.7,77.6,0.0,25.6,64,1035.4,79.4,0
3,28,5.6,2.4,15.5,81.26,0.0,26.6,45,1035.6,78.1,0
1,30,6.0,3.0,14.5,77.09,0.0,28.8,54,1036.1,89.0,0
0,31,6.0,3.1,14.3,76.38,0.0,29.9,50,1036.4,89.0,0
0,31,6.0,2.9,16.1,74.93,0.0,28.8,50,1036.6,89.1,0
0,31,6.0,3.1,14.6,75.68,0.0,29.9,46,1037.0,89.1,0
0,31,5.9,2.7,16.3,75.96,0.0,24.8,60,1037.1,92.2,0
0,31,6.0,2.9,16.3,80.65,0.0,23.8,74,1037.5,89.1,0
0,31,6.5,3.5,16.1,73.7,0.0,24.8,77,1038.0,89.1,0
0,31,6.5,2.9,20.8,71.43,0.0,24.5,70,1038.1,89.1,0
2,29,6.8,3.3,20.0,68.33,0.0,28.4,77,1038.5,89.1,0
3,28,6.7,3.7,15.9,72.02,0.0,31.7,77,1039.2,89.1,0
5,26,6.3,3.7,12.5,76.88,0.0,31.3,55,1039.6,89.0,0
7,23,6.1,4.1,9.8,80.63,0.0,28.8,79,1040.5,89.1,0
18,13,6.4,3.4,16.0,80.3,0.0,28.8,80,1041.1,89.1,0
21,10,7.0,4.3,14.5,73.08,0.0,27.4,77,1041.6,89.1,0
14,16,7.1,4.9,11.4,74.03,0.0,20.9,49,1042.0,89.1,1
7,24,7.2,4.2,16.5,75.2,0.0,21.2,49,1041.5,89.1,0
10,21,7.1,4.5,14.3,76.09,0.0,19.1,53,1041.4,89.1,0
7,24,6.9,4.1,14.6,78.05,0.0,18.4,36,1041.5,89.0,0
8,24,6.2,2.9,17.8,83.49,0.0,40.7,40,1042.0,89.0,0
7,25,5.9,3.0,14.6,82.95,0.0,17.3,54,1041.6,89.1,0
1,31,6.0,3.2,13.5,81.91,0.0,14.4,57,1042.1,89.1,0
1,31,6.0,3.7,11.0,81.22,0.0,14.0,57,1042.1,89.1,0
0,31,5.9,2.9,14.5,80.69,0.0,13.7,42,1042.4,89.1,0
1,31,5.8,2.6,16.5,78.28,0.0,13.3,40,1042.5,89.1,0
1,31,5.5,2.6,13.5,78.79,0.0,12.6,50,1042.4,92.2,0
1,30,5.8,3.4,11.1,79.59,0.0,10.4,53,1042.4,92.2,0
0,31,5.7,3.0,12.5,80.6,0.0,4.7,40,1042.4,92.2,0
0,31,5.7,3.3,10.7,76.67,0.0,5.0,28,1042.0,92.2,0
0,31,5.1,2.3,12.4,80.29,0.0,5.4,35,1041.6,92.2,0
0,31,5.1,3.1,8.7,79.2,0.0,7.6,49,1041.4,92.2,0
0,31,5.0,2.7,10.4,80.59,0.0,8.6,40,1041.0,92.2,0
0,31,5.0,2.2,12.9,81.19,0.0,8.6,47,1040.6,92.2,0
2,29,5.0,2.0,13.7,83.15,0.0,7.6,47,1040.4,92.2,0
7,25,5.0,2.6,10.7,83.15,0.0,6.8,53,1040.3,92.2,0
11,21,4.9,2.0,12.7,82.23,0.0,5.8,48,1040.1,92.2,0
11,19,4.1,1.0,12.9,83.06,0.0,5.0,7,1040.1,92.2,0
21,9,3.7,0.4,13.7,83.22,0.0,5.0,2,1040.1,92.2,0
26,5,3.4,0.6,10.7,83.95,0.0,7.2,352,1039.6,100.0,0
23,9,3.8,1.3,9.6,81.69,0.0,13.3,337,1039.3,100.0,0
9,22,3.9,0.8,12.7,81.32,0.0,13.0,340,1038.4,100.0,0
11,21,4.0,1.6,9.3,81.26,0.0,11.5,335,1037.4,100.0,0
10,22,3.9,1.3,9.9,81.16,0.0,13.7,339,1037.1,100.0,0
8,23,3.1,-0.1,11.9,85.4,0.0,13.7,346,1037.1,100.0,0
11,20,2.8,-0.5,12.7,83.02,0.0,13.0,337,1036.6,100.0,0
13,18,2.3,-0.7,11.0,83.91,0.0,13.0,337,1036.4,100.0,0
10,22,1.9,-1.2,10.7,85.86,0.0,14.0,321,1035.6,100.0,0
9,22,1.9,-1.2,10.7,86.18,0.0,14.4,320,1035.5,100.0,0
12,20,1.8,-1.8,12.9,85.28,0.0,16.2,312,1035.4,100.0,0
12,19,1.1,-2.9,14.6,86.5,0.0,16.9,337,1035.1,100.0,0
13,19,0.9,-1.3,7.0,86.49,0.0,17.3,263,1034.4,96.1,0
14,17,1.0,-0.6,5.2,86.92,0.0,16.2,216,1033.6,96.1,0
13,18,1.0,-2.1,9.9,87.68,0.0,16.6,275,1033.2,96.1,0
13,18,0.9,-2.8,12.5,91.99,0.0,15.8,270,1032.3,96.1,0
13,18,0.9,-3.4,15.5,93.28,0.0,17.6,276,1031.7,96.1,0
13,18,1.0,-2.1,10.1,92.57,0.0,18.0,252,1031.1,96.1,0
13,18,1.0,-1.6,8.1,92.84,0.0,18.0,233,1030.4,96.1,0
15,17,1.0,-1.4,7.7,93.11,0.0,20.2,235,1029.6,100.0,0
19,12,1.4,-1.7,10.4,92.53,0.0,20.2,253,1028.7,100.0,0
22,9,1.8,-1.9,13.7,89.42,0.0,20.2,267,1028.4,100.0,0
13,18,1.8,-1.9,13.5,92.29,0.0,19.4,264,1028.4,100.0,0
10,22,2.3,-1.3,13.5,91.22,0.0,19.8,262,1027.7,92.2,0
17,15,3.0,-0.6,14.2,91.99,0.0,19.8,252,1027.6,92.2,1
12,20,3.4,-0.1,13.8,93.49,0.0,23.8,247,1026.7,92.2,1
10,22,3.5,-0.4,16.8,97.6,0.0,24.8,264,1026.2,96.1,1
8,23,3.9,0.7,12.9,99.07,0.0,24.1,264,1024.8,100.0,0
7,25,3.9,0.9,12.3,98.89,0.0,24.1,261,1024.4,96.1,0
8,24,4.1,0.6,15.5,98.71,0.0,23.8,289,1024.4,96.1,0
4,27,4.1,1.2,11.9,98.8,0.0,21.6,289,1024.2,96.1,0
5,26,4.1,2.1,8.1,98.81,0.078,19.1,244,1023.5,92.2,0
2,30,4.1,1.6,9.9,98.81,0.0,19.4,264,1023.3,92.2,0
1,30,4.0,1.1,11.9,97.3,0.0,18.4,259,1022.5,92.2,0
1,30,3.7,1.2,9.6,98.99,0.0,16.6,289,1022.4,89.0,0
0,31,3.7,0.9,10.9,95.19,0.0,15.8,295,1021.5,89.0,0
1,31,3.1,0.6,9.3,94.8,0.0,16.6,274,1021.4,89.0,0
1,30,3.6,1.0,9.6,89.29,0.001,17.6,290,1021.1,90.3,0
0,31,3.1,0.4,9.9,93.31,0.0,19.1,295,1020.3,92.2,0
0,31,2.7,-0.7,12.9,89.15,0.0,21.2,272,1019.5,91.9,0
0,31,2.9,-0.1,11.3,89.59,0.0,21.2,259,1019.3,92.2,0
0,31,2.0,-1.3,11.9,92.49,0.0,25.6,276,1018.5,92.1,0
0,31,2.2,-1.6,14.3,97.42,0.0,25.9,277,1018.3,89.0,0
0,31,2.0,-2.0,14.9,93.27,0.0,23.8,275,1017.6,58.4,0
3,28,1.1,-3.1,15.2,94.7,0.0,26.3,262,1017.4,57.0,0
4,27,0.3,-4.0,14.9,93.9,0.0,27.4,273,1017.4,39.6,0
5,27,0.4,-3.6,13.5,98.13,0.0,29.5,271,1017.4,61.0,0
5,27,1.2,-3.1,16.1,98.97,0.0,30.6,288,1017.3,89.0,0
6,26,2.1,-2.0,16.1,97.6,0.0,31.7,297,1017.4,89.0,0
5,26,3.3,-0.3,15.2,93.66,0.001,30.6,289,1016.5,46.0,1
5,26,4.7,1.3,15.2,87.66,0.0,31.0,303,1016.4,64.8,0
6,26,4.8,1.4,15.2,82.92,0.0,31.0,314,1015.7,50.2,1
6,25,4.9,1.2,18.0,79.22,0.0,31.0,324,1015.6,85.2,0
5,27,4.0,0.4,15.8,81.63,0.0,28.1,314,1015.6,85.1,0
8,23,3.0,-0.8,15.8,87.32,0.0,25.6,333,1015.6,87.8,0
6,26,2.4,-1.0,12.5,86.07,0.075,25.2,316,1015.9,83.8,0
3,28,2.3,-1.5,15.2,89.19,0.0,25.2,300,1016.3,87.6,0
2,29,2.0,-1.7,13.5,88.04,0.0,22.7,286,1016.3,87.6,0
1,30,1.8,-2.2,15.2,87.06,0.0,28.1,292,1015.9,75.3,0
0,31,1.3,-2.9,15.5,89.25,0.0,28.1,291,1015.6,87.5,0
1,31,0.8,-4.1,19.2,89.64,0.0,25.6,289,1015.6,55.9,0
1,31,-0.2,-5.3,18.9,93.29,0.0,26.3,284,1015.6,19.7,0
0,31,-0.7,-5.6,16.8,91.79,0.0,26.3,293,1015.4,17.4,0
0,31,-0.6,-5.9,19.2,92.32,0.0,28.1,295,1014.9,17.2,0
0,31,-0.4,-6.0,22.2,92.51,0.0,28.1,294,1014.6,17.2,0
0,31,-1.4,-6.8,18.2,93.5,0.0,27.4,294,1014.6,17.2,0
0,31,-1.5,-6.8,18.2,91.8,0.0,26.3,284,1014.7,17.2,0
2,29,-1.7,-6.1,13.0,92.33,0.0,27.0,277,1015.3,17.2,0
5,27,-2.2,-7.7,17.6,92.67,0.0,26.3,284,1015.3,17.2,0
9,22,-2.0,-6.9,15.4,90.12,0.0,23.8,295,1015.4,37.1,0
10,22,-2.6,-7.5,14.7,92.82,0.0,22.3,286,1015.6,26.1,0
11,20,-1.2,-4.7,10.0,93.45,0.0,22.0,261,1016.5,31.5,0
11,20,-0.1,-4.3,14.1,90.93,0.0,22.3,289,1016.5,24.9,1
9,22,1.3,-2.9,15.5,84.78,0.001,25.6,292,1016.3,46.1,2
10,22,1.7,-2.4,15.8,82.53,0.0,26.3,289,1015.7,47.4,1
12,19,2.0,-1.7,13.5,81.91,0.0,25.2,289,1015.4,53.2,1
9,23,2.0,-1.8,14.1,82.85,0.0,24.5,289,1015.3,50.0,0
7,24,1.1,-2.9,14.6,84.84,0.0,22.7,277,1015.4,49.9,0
6,25,-0.3,-3.8,10.7,88.27,0.0,20.5,262,1015.4,50.0,0
11,21,-0.7,-4.2,10.4,88.5,0.0,19.1,262,1015.4,43.6,0
6,26,-0.6,-4.3,11.1,88.78,0.0,19.8,254,1015.3,41.2,0
1,30,-0.7,-5.0,13.7,88.52,0.0,18.4,259,1015.3,48.7,0
1,30,-1.1,-4.9,11.1,91.42,0.0,18.0,252,1014.7,41.2,0
0,31,-0.9,-4.1,8.9,92.22,0.0,18.7,247,1014.5,73.5,0
0,31,-1.0,-5.0,11.7,93.37,0.0,20.5,241,1013.7,74.0,0
0,31,-0.5,-4.7,13.7,92.69,0.0,20.9,241,1013.5,85.1,0
0,31,0.0,-4.3,15.0,92.19,0.0,21.6,236,1012.5,88.9,0
0,31,-0.1,-4.0,12.4,87.93,0.0,21.2,237,1011.7,61.2,0
0,31,0.0,-3.9,13.0,86.44,0.0,21.2,234,1011.4,85.2,0
0,31,0.3,-4.2,15.8,85.31,0.0,20.5,237,1010.5,85.0,0
0,31,0.0,-4.5,15.8,85.28,0.0,19.8,234,1009.6,78.1,0
1,30,0.3,-4.3,16.8,80.4,0.0,18.7,230,1008.5,89.0,0
4,27,0.4,-4.6,19.9,77.75,0.0,19.1,237,1007.6,47.7,0
9,22,0.8,-4.5,22.0,72.3,0.0,19.1,236,1006.8,51.5,0
15,16,1.0,-4.1,21.3,70.54,0.0,20.9,237,1006.6,89.1,0
23,8,1.1,-4.4,24.0,71.23,0.0,28.4,227,1005.8,87.8,0
26,6,1.8,-3.1,20.7,70.95,0.0,42.8,227,1005.2,52.8,0
28,3,3.0,-1.6,21.3,70.55,0.001,48.2,234,1004.4,65.0,0
29,3,3.7,-0.7,21.0,68.32,0.0,50.0,237,1003.3,52.8,1
31,0,3.4,-1.2,22.1,71.66,0.0,48.2,230,1002.3,85.1,1
18,14,4.1,-0.5,23.7,70.99,0.0,43.9,237,1001.4,85.2,1
12,20,3.8,-0.6,21.3,72.43,0.0,44.3,232,1000.5,75.6,0
12,19,2.6,-1.8,19.2,76.38,0.0,41.0,227,1000.4,47.7,0
11,20,2.8,-1.5,18.6,75.28,0.0,37.1,227,1000.2,85.2,0
2,29,2.3,-2.3,19.4,78.27,0.0,37.1,234,999.3,49.2,0
2,29,2.7,-1.6,18.6,76.89,0.0,36.0,244,998.5,36.2,0
0,31,2.1,-2.6,19.9,81.35,0.0,32.4,248,998.2,89.0,0
0,31,2.0,-2.5,18.5,85.57,0.0,27.4,255,997.6,88.9,0
0,31,1.9,-2.0,14.5,86.63,0.0,27.0,267,997.6,89.0,0
0,31,0.4,-4.0,15.5,91.46,0.0,26.6,277,997.5,24.9,0
0,31,-1.8,-6.2,13.2,95.41,0.0,22.0,295,997.1,19.7,0
0,31,-1.6,-5.5,10.9,94.7,0.0,18.4,305,996.5,34.0,0
0,31,-2.4,-5.9,9.4,95.04,0.0,16.6,330,996.4,37.9,0
0,31,-2.7,-6.2,8.9,94.91,0.0,15.1,334,995.6,37.2,0
2,30,-3.2,-7.5,11.4,94.99,0.0,12.2,324,995.2,19.8,0
4,27,-4.0,-8.6,11.9,93.3,0.0,13.0,316,994.6,17.2,0
10,21,-3.7,-7.5,9.6,97.19,0.0,13.7,329,994.8,17.2,0
14,16,-4.1,-8.1,9.6,94.02,0.0,14.4,322,994.8,19.7,0
5,26,-2.0,-6.4,12.8,93.32,0.0,14.0,313,995.4,17.2,0
8,23,-0.4,-4.4,12.5,89.47,0.0,15.5,309,995.5,17.2,1
9,23,0.9,-2.0,9.0,82.79,0.001,18.0,308,995.4,17.2,2
10,22,1.8,-2.3,15.3,76.46,0.0,20.2,309,995.4,17.2,2
6,26,1.9,-2.2,15.8,70.71,0.0,22.3,326,995.4,17.2,0
2,30,1.8,-1.9,13.5,70.76,0.0,24.8,330,995.5,24.9,0
3,29,0.4,-3.4,12.5,78.23,0.0,24.8,312,996.1,19.7,0
5,27,-2.3,-6.5,11.9,87.4,0.0,20.5,297,996.5,17.2,0
5,27,-3.3,-7.2,10.1,90.64,0.0,19.8,285,997.5,17.2,0
5,27,-3.9,-9.1,14.5,91.75,0.0,19.4,282,998.4,17.2,0
1,30,-4.0,-8.8,12.5,90.96,0.0,20.2,279,998.8,17.2,0
1,31,-4.2,-9.1,13.2,92.02,0.0,20.5,289,999.6,17.2,0
0,31,-4.2,-9.0,12.7,92.19,0.0,22.0,292,1000.4,17.2,0
1,31,-4.9,-10.0,13.2,91.88,0.0,22.3,280,1000.8,17.2,0
1,31,-5.0,-10.5,14.7,92.52,0.0,23.8,279,1001.6,17.2,0
0,31,-4.4,-9.6,13.8,91.9,0.0,23.0,282,1002.4,17.2,0
0,31,-4.3,-9.8,15.5,91.91,0.0,24.8,279,1002.7,17.2,0
0,31,-4.2,-10.0,17.5,91.57,0.0,27.4,276,1003.7,17.2,0
0,31,-3.5,-9.0,16.5,87.76,0.0,29.5,270,1004.5,17.2,0
0,31,-4.0,-9.5,16.1,91.03,0.0,30.2,277,1005.4,17.2,0
2,30,-3.9,-8.6,12.7,90.95,0.0,30.2,255,1006.5,17.2,0
3,29,-3.8,-9.5,17.3,91.86,0.0,30.6,265,1007.3,17.2,0
4,28,-3.2,-8.3,15.0,89.17,0.0,30.2,255,1008.4,17.2,0
7,24,-3.5,-8.4,13.5,89.85,0.0,30.2,256,1009.5,17.2,0
7,23,-2.1,-7.1,15.5,89.17,0.0,31.3,265,1010.5,17.2,0
7,23,-1.1,-6.5,18.9,89.42,0.0,31.7,277,1011.6,19.7,1
14,17,0.0,-5.1,19.2,87.8,0.002,29.9,275,1012.3,17.2,2
11,20,1.6,-3.1,19.2,82.69,0.0,31.7,279,1012.7,17.2,2
8,24,2.5,-1.9,18.5,79.5,0.0,31.3,274,1013.3,17.2,1
4,28,2.8,-1.6,18.9,77.62,0.0,29.5,272,1013.5,17.2,0
3,29,2.1,-1.8,14.5,79.13,0.0,27.7,259,1014.5,17.2,0
1,30,0.8,-2.7,11.7,80.82,0.0,24.8,244,1015.4,17.1,0
3,29,0.7,-3.5,14.7,88.36,0.0,24.8,247,1015.9,17.4,0
2,29,0.1,-4.7,17.5,92.0,0.0,26.6,254,1016.4,17.2,0
0,31,0.0,-4.4,15.3,89.94,0.0,25.6,255,1017.3,17.2,0
0,31,-0.7,-5.4,15.9,91.78,0.0,25.2,255,1017.6,17.2,0
0,31,-1.1,-5.7,14.5,92.37,0.0,25.6,252,1017.9,17.2,0
1,31,-1.0,-5.2,13.0,91.96,0.0,25.2,237,1018.3,15.7,0
1,31,-1.2,-5.4,13.0,91.41,0.0,25.6,244,1018.1,15.7,0
0,31,-0.9,-5.5,15.3,91.0,0.0,27.4,237,1018.4,15.7,0
0,31,-0.4,-5.0,15.8,83.94,0.0,25.9,234,1018.4,15.7,0
0,31,-0.2,-4.4,13.8,82.46,0.0,23.8,234,1018.4,15.7,0
0,31,-0.1,-4.7,16.1,82.37,0.0,22.0,237,1018.3,15.7,0
0,31,0.2,-4.5,16.8,81.3,0.0,19.1,236,1018.5,15.7,0
1,30,0.4,-3.8,14.8,78.14,0.0,22.0,234,1018.4,15.7,0
4,28,0.1,-4.3,15.2,78.44,0.0,22.0,234,1018.3,49.8,0
9,22,0.0,-4.6,16.6,74.29,0.0,20.9,230,1018.4,67.5,0
12,19,0.6,-4.0,17.1,68.11,0.0,19.8,227,1018.5,48.5,0
18,13,2.0,-2.3,17.2,68.73,0.0,22.0,223,1018.6,73.8,1
19,13,2.8,-1.7,19.6,66.52,0.0,30.6,220,1018.5,75.3,2
19,12,4.0,-0.3,21.3,61.88,0.001,39.6,223,1018.6,54.6,2
12,19,4.7,0.3,23.5,61.48,0.0,46.8,220,1018.4,59.7,1
3,28,4.7,0.1,25.1,61.41,0.0,46.8,213,1017.6,85.1,1
1,31,4.1,-0.2,20.7,64.53,0.0,44.3,213,1017.1,85.1,1
1,31,4.2,0.1,20.2,65.12,0.0,37.4,206,1016.6,85.1,0
1,30,3.9,-0.5,22.4,67.04,0.0,33.5,206,1017.0,83.6,0
2,29,4.0,-0.3,21.7,66.1,0.0,45.0,202,1016.4,83.9,0
9,23,5.0,0.5,26.0,58.0,0.0,51.8,203,1016.1,85.1,0
8,24,5.5,0.9,28.6,61.59,0.0,55.1,206,1016.0,88.8,0
7,24,5.7,1.1,29.4,58.96,0.0,57.2,204,1015.4,89.0,0
8,23,6.0,1.4,29.6,64.81,0.0,64.8,203,1014.9,97.5,0
10,21,6.6,1.8,35.4,63.93,0.0,56.7,210,1014.4,90.2,0
9,22,6.8,2.1,33.6,67.99,0.001,60.7,210,1014.1,90.1,0
9,22,6.8,2.2,32.2,72.76,0.0,61.2,213,1013.4,87.8,0
9,22,6.9,2.2,34.7,76.73,0.0,68.4,206,1012.9,93.0,0
9,22,6.5,1.7,33.4,83.5,0.0,56.0,207,1012.2,93.0,0
9,22,6.8,1.9,37.0,84.39,0.0,59.0,210,1011.4,93.0,0
9,22,6.5,1.5,36.9,84.79,0.0,51.8,210,1011.1,93.0,0
10,21,6.9,1.8,40.0,82.65,1.536,60.9,203,1010.9,93.0,0
13,19,7.1,2.4,36.4,82.76,0.0,58.4,203,1010.9,93.0,0
15,17,7.5,2.8,35.9,83.62,0.0,75.6,206,1011.1,93.0,0
17,15,7.9,3.6,34.3,83.23,0.0,56.7,210,1011.0,93.0,0
21,11,8.6,4.6,31.3,83.6,0.0,51.2,207,1011.0,89.1,1
26,6,9.0,4.9,35.9,82.74,0.0,55.4,203,1010.8,88.8,2
11,21,9.1,5.4,30.5,85.22,0.009,68.4,205,1010.0,89.1,2
12,19,9.7,6.2,29.8,82.45,0.0,53.3,203,1009.0,89.0,2
13,18,9.8,6.1,33.9,82.57,0.0,54.9,196,1008.0,89.1,1
13,18,9.9,6.3,32.0,81.54,0.0,54.2,203,1007.0,90.4,1
16,15,9.7,5.8,36.2,82.02,0.0,63.0,196,1006.1,90.4,0
18,14,9.0,5.1,32.7,86.45,0.0,63.0,193,1005.4,90.3,0
17,14,8.7,4.5,34.6,84.34,0.149,66.1,193,1004.4,90.3,0
16,16,8.8,4.7,34.5,79.53,0.0,70.6,186,1003.2,89.0,0
17,14,8.6,4.6,32.0,80.65,0.0,56.5,164,1002.0,90.3,0
17,14,8.8,5.1,29.5,84.66,0.0,60.5,176,1000.1,90.3,0
20,11,9.1,5.2,32.9,89.27,0.0,60.5,210,999.9,94.3,0
19,12,8.6,5.7,18.4,87.42,0.0,51.5,230,1000.3,94.2,0
16,15,7.6,4.5,18.7,87.03,0.781,33.8,240,1000.9,89.0,0
15,16,6.9,3.5,19.4,87.18,0.0,40.3,223,1001.3,33.0,0
15,16,6.8,3.6,17.4,82.96,0.0,41.0,227,1000.5,35.6,0
15,16,6.9,3.6,19.4,82.88,0.0,35.6,224,1000.5,87.8,0
15,16,7.2,3.4,23.7,85.79,0.0,33.1,207,1000.0,87.8,0
15,16,7.9,4.0,27.6,81.28,0.0,47.5,217,1000.3,87.7,0
16,16,7.6,3.6,27.6,82.94,0.0,63.0,220,1000.1,55.2,0
17,14,8.0,4.4,25.9,80.73,0.0,62.3,213,999.2,89.0,0
21,11,8.9,5.3,27.8,78.78,0.0,47.9,210,998.2,89.1,0
23,9,9.8,6.1,33.3,82.0,0.0,66.6,203,997.3,89.1,0
25,7,10.0,10.0,37.4,83.41,0.0,65.2,206,995.7,89.0,0
23,8,11.0,11.0,50.0,82.13,0.0,78.4,210,993.3,89.1,1
23,8,11.1,11.1,48.9,85.96,0.416,83.0,217,991.6,89.1,1
25,7,11.1,11.1,45.8,86.58,0.0,75.7,217,990.8,89.1,1
27,4,11.0,11.0,46.9,86.79,0.0,77.4,210,988.5,89.1,0
28,3,10.9,10.9,47.0,88.33,0.0,75.0,207,986.4,90.3,0
27,4,11.6,11.6,49.4,84.69,0.0,79.4,207,984.1,89.0,0
27,5,12.5,12.5,51.1,84.22,0.0,83.9,210,982.3,89.0,0
27,4,12.9,12.9,52.5,83.79,1.936,82.0,203,979.6,89.0,0
28,3,12.9,12.9,56.1,87.15,0.0,97.5,220,979.2,89.0,0
27,4,13.1,13.1,47.0,72.36,0.0,82.7,223,979.4,89.0,0
26,5,12.4,12.4,44.2,71.54,0.0,77.4,230,979.7,89.0,0
26,6,10.1,10.1,38.8,66.84,0.0,76.8,240,982.2,85.1,0
26,6,8.9,4.4,43.3,71.42,0.0,71.1,250,984.5,67.6,0
26,5,8.5,3.6,45.3,71.23,2.24,81.8,260,986.6,60.9,0
25,6,7.4,2.5,41.3,78.63,0.0,71.3,250,988.0,56.9,0
25,6,7.4,2.4,42.5,72.65,0.0,69.1,257,989.9,45.3,0
25,6,7.0,2.2,36.9,76.3,0.0,61.3,250,991.7,36.1,0
25,6,7.0,2.3,34.4,75.96,0.0,56.0,250,993.4,35.4,0
25,6,6.2,1.2,35.0,80.57,0.0,57.6,250,994.7,48.7,0
17,15,6.1,1.4,31.9,79.14,0.001,51.8,247,995.7,24.8,0
11,21,6.1,1.6,29.0,79.4,0.0,50.9,240,996.8,25.0,0
14,16,6.0,1.3,30.3,77.0,0.0,51.8,247,998.3,50.0,0
12,17,5.8,1.2,28.8,77.95,0.0,48.2,244,999.5,50.0,0
10,19,6.1,1.9,25.2,79.58,0.0,42.5,237,1000.8,59.7,1
12,17,7.0,2.7,29.6,72.36,0.0,46.4,247,1001.5,40.9,2
11,20,7.6,3.6,29.0,72.6,0.002,49.4,240,1002.6,50.1,2
8,24,7.3,2.5,38.1,71.11,0.0,67.4,250,1003.4,67.4,2
2,30,6.8,2.3,31.9,74.61,0.0,61.5,253,1004.3,47.6,0
0,31,6.1,1.4,32.2,76.74,0.0,64.0,254,1005.5,54.1,0
1,31,6.1,1.2,32.9,75.95,0.0,67.0,250,1007.2,57.8,0
0,31,5.6,1.2,26.0,78.49,0.0,40.7,250,1008.6,39.3,0
2,29,5.9,1.6,26.0,76.61,0.0,60.5,247,1010.5,67.7,0
1,31,5.6,1.2,25.3,78.06,0.0,61.6,247,1012.3,63.8,0
0,31,5.0,0.7,23.5,79.81,0.0,60.1,247,1013.3,37.1,0
0,31,5.6,1.4,23.5,78.3,0.0,56.9,237,1014.4,46.0,0
0,31,4.9,0.3,26.7,81.08,0.0,54.0,247,1015.3,44.8,0
1,31,5.5,1.6,21.3,77.81,0.0,38.9,237,1016.4,50.0,0
1,30,5.2,1.5,18.7,80.17,0.0,40.3,227,1017.5,50.0,0
1,30,5.6,2.2,16.6,77.03,0.0,38.2,223,1017.5,48.6,0
1,30,5.3,1.9,16.6,80.98,0.0,27.7,203,1017.0,61.0,0
1,30,5.9,2.3,19.7,76.65,0.0,19.8,217,1016.3,87.8,0
1,30,6.8,3.4,19.4,74.39,0.0,14.0,200,1015.3,89.1,0
1,30,6.9,3.9,16.7,88.13,0.0,13.7,176,1013.4,89.0,0
1,30,6.9,3.2,23.1,91.55,0.689,16.9,157,1011.1,89.1,0
4,28,8.1,4.4,26.5,90.97,0.0,66.6,171,1008.2,89.0,0
7,25,10.6,10.6,31.3,85.04,0.0,70.6,179,1006.0,77.3,0
11,21,11.3,11.3,32.0,90.24,0.0,68.4,203,1004.1,90.3,0
18,14,12.5,12.5,35.3,89.31,0.0,60.9,220,1003.2,90.3,0
22,9,13.0,13.0,37.0,87.92,0.0,65.1,220,1002.2,90.3,1
20,12,13.9,13.9,36.2,86.79,1.562,67.7,227,1001.1,89.1,1
22,10,13.9,13.9,40.3,88.14,0.0,68.8,227,1000.2,89.0,1
16,16,13.9,13.9,39.6,88.14,0.0,68.4,227,999.5,92.2,1
6,26,14.0,14.0,39.4,86.5,0.0,65.8,227,998.5,90.3,1
4,28,12.9,12.9,32.7,93.57,0.0,64.5,244,999.2,90.3,0
3,28,13.0,13.0,30.9,78.42,0.0,54.9,239,999.2,83.9,0
4,27,12.1,12.1,36.9,70.67,3.021,68.2,233,999.6,63.8,0
3,29,11.6,11.6,32.7,67.66,0.0,68.1,230,999.5,83.9,0
2,29,10.1,10.1,35.1,81.02,0.0,68.2,232,1000.1,85.1,0
0,31,10.2,10.2,38.2,71.7,0.0,78.0,241,1000.7,87.8,0
0,31,10.5,10.5,37.2,67.1,0.0,70.1,240,1001.8,89.0,0
0,31,10.0,5.8,43.9,68.31,0.0,72.9,250,1003.6,89.0,0
0,31,10.0,5.7,44.4,67.27,0.233,73.6,250,1005.2,89.0,0
0,31,9.9,5.4,47.3,68.24,0.0,76.4,253,1007.3,89.0,0
0,31,9.0,4.4,46.0,75.29,0.0,74.3,260,1008.8,89.0,0
0,31,8.8,4.3,41.6,75.0,0.0,62.5,256,1011.3,74.2,0
0,31,8.1,3.9,33.1,76.7,0.0,63.2,259,1012.9,84.6,0
0,31,8.0,3.9,31.3,77.31,0.0,50.0,250,1014.7,60.9,0
1,31,7.8,3.8,28.3,77.46,0.489,46.4,250,1016.7,55.8,0
4,28,7.3,3.4,25.6,81.32,0.0,42.5,247,1017.6,57.2,0
5,26,7.6,3.8,25.3,78.95,0.0,42.5,247,1018.8,61.0,0
8,23,7.1,3.5,22.9,79.74,0.0,68.0,244,1020.3,88.8,0
14,16,7.7,4.0,24.7,77.91,0.0,61.6,247,1020.7,87.5,0
16,14,8.1,5.0,20.1,76.63,0.0,38.5,240,1022.5,87.4,1
15,15,8.2,4.9,21.9,75.61,0.0,39.6,244,1023.2,88.9,1
17,13,8.6,5.7,19.3,74.04,0.0,39.2,240,1023.4,89.0,1
20,11,8.9,6.2,17.8,72.65,0.0,40.7,233,1024.0,89.0,1
15,16,8.9,6.5,15.6,73.3,0.0,40.7,237,1024.0,87.8,1
10,22,7.9,5.4,14.3,83.14,0.0,35.3,255,1024.4,61.7,0
10,21,6.9,4.4,13.0,82.25,0.0,28.8,223,1025.0,34.3,0
13,19,6.2,3.7,12.4,86.57,0.373,13.7,206,1025.3,32.8,0
7,24,6.3,3.7,12.7,86.04,0.0,14.4,219,1025.3,25.3,0
6,26,5.9,3.8,9.8,87.33,0.0,7.9,213,1025.3,17.1,0
1,31,5.9,4.0,8.4,87.49,0.0,7.2,184,1024.9,25.0,0
1,30,6.1,4.0,9.7,86.97,0.0,7.2,151,1024.9,85.1,0
0,31,6.3,4.2,10.4,84.57,0.0,9.4,149,1024.1,89.0,0
0,31,7.4,5.0,13.0,77.6,0.0,11.9,150,1023.4,89.0,0
0,31,7.2,5.4,9.7,80.01,0.0,14.0,121,1021.9,89.0,0
0,31,7.6,5.5,11.9,88.02,0.0,16.9,142,1021.4,92.2,0
0,31,8.4,6.1,14.5,90.79,0.0,28.1,118,1020.0,89.1,0
0,31,9.3,5.9,27.0,90.26,0.0,42.8,163,1019.0,92.2,0
0,31,9.3,6.4,22.1,92.41,0.0,41.8,160,1018.0,89.0,0
2,29,9.4,6.8,18.4,92.78,0.689,8.3,164,1017.0,90.4,0
6,26,11.0,11.0,27.9,87.82,0.0,44.6,203,1016.2,87.8,0
9,22,11.1,11.1,23.5,87.51,0.0,28.1,203,1015.8,89.0,0
12,19,11.4,11.4,22.4,86.63,0.0,33.1,203,1015.3,89.1,0
6,26,11.9,11.9,21.9,86.91,0.0,34.9,198,1014.9,81.9,1
10,21,12.1,12.1,26.0,86.92,0.0,38.2,203,1014.7,89.1,1
14,18,12.8,12.8,28.3,84.68,0.078,46.4,206,1014.0,89.0,1
12,19,12.9,12.9,24.2,85.34,0.0,47.5,203,1013.0,79.4,2
7,24,12.9,12.9,26.8,86.6,0.0,48.2,210,1012.3,89.0,1
1,31,12.9,12.9,26.0,85.11,0.0,50.0,206,1011.7,89.0,1
2,30,12.6,12.6,24.9,88.52,0.0,43.6,203,1010.9,89.0,0
7,25,12.6,12.6,25.7,88.91,0.0,41.4,206,1010.1,78.1,0
8,24,12.6,12.6,34.4,85.79,0.0,50.0,199,1009.0,73.0,0
8,23,12.6,12.6,30.1,84.33,0.0,58.0,213,1008.4,66.3,0
9,22,12.6,12.6,34.7,80.66,0.0,57.9,220,1007.2,27.5,0
8,23,12.0,12.0,34.0,78.55,0.0,57.8,227,1006.7,25.1,0
6,25,11.6,11.6,36.9,75.31,0.0,64.1,218,1005.7,26.5,0
6,26,11.1,11.1,37.7,83.45,0.0,64.7,212,1005.4,86.4,0
6,26,8.1,3.8,34.7,86.95,3.004,63.2,260,1007.7,86.4,0
4,27,6.4,1.2,40.5,82.65,0.0,77.3,260,1010.2,86.4,0
4,27,5.6,0.7,31.6,82.46,0.0,64.8,259,1012.3,83.7,0
4,27,4.6,-0.8,33.0,83.53,0.0,72.0,257,1014.6,48.7,0
4,27,4.0,-1.5,33.3,76.88,0.0,53.6,257,1017.3,17.2,0
4,27,3.6,-0.8,20.7,79.0,0.0,37.1,249,1018.8,17.2,0
7,25,3.1,-1.1,18.4,81.95,0.0,58.0,241,1020.5,17.2,0
6,25,3.6,-1.7,28.5,76.89,0.0,50.0,254,1021.3,17.2,0
9,22,3.2,-1.4,22.0,80.14,0.0,50.0,240,1022.6,17.1,0
14,17,3.6,-0.4,18.1,77.5,0.0,47.2,230,1024.6,17.2,0
17,15,4.9,1.1,18.4,75.35,0.0,41.4,220,1025.7,17.2,1
19,13,5.7,1.8,21.8,73.18,0.0,41.4,227,1027.0,17.2,2
20,12,6.7,2.8,24.4,71.56,0.0,46.4,230,1027.4,17.2,2
16,16,7.1,3.1,27.0,71.89,0.0,44.6,230,1027.5,17.2,2
14,17,7.9,4.2,24.8,67.82,0.0,50.4,230,1027.5,17.3,1
12,19,8.0,4.4,24.0,67.2,0.0,49.0,223,1027.4,32.8,0
14,17,7.7,4.3,22.4,69.41,0.0,44.3,223,1027.3,27.6,0
18,14,7.0,3.3,23.4,72.24,0.0,41.8,223,1027.1,17.5,0
15,16,7.1,3.6,21.0,74.32,0.0,38.5,220,1027.5,65.1,0
18,13,7.0,3.6,19.5,74.17,0.0,51.8,203,1027.4,27.9,0
19,12,7.0,3.2,24.4,75.16,0.0,45.4,220,1028.0,0.8,0
23,8,7.0,3.3,22.7,76.2,0.0,53.6,220,1028.1,71.0,0
25,6,7.1,3.1,26.2,77.25,0.0,43.2,220,1028.1,74.0,0
24,8,6.7,3.3,19.1,81.23,0.0,40.0,213,1028.1,67.8,0
22,9,6.1,2.5,19.8,82.29,0.0,40.0,213,1028.0,39.7,0
19,12,6.8,2.9,24.2,77.25,0.0,42.5,213,1027.5,82.9,0
19,12,7.0,3.2,24.2,74.89,0.0,38.9,213,1027.1,83.1,0
19,12,7.2,3.6,23.4,72.95,0.0,34.6,204,1026.5,83.1,0
19,12,7.1,3.4,23.4,75.97,0.0,38.9,206,1026.4,79.3,0
19,12,7.1,3.3,24.2,74.88,0.0,39.2,206,1026.1,83.1,0
21,10,7.1,3.8,20.0,74.68,0.0,23.8,206,1026.1,83.0,0
25,7,7.1,3.5,22.3,74.7,0.0,25.6,206,1025.9,78.1,0
27,5,7.1,3.6,22.1,75.79,0.0,26.6,203,1025.9,89.3,0
27,4,7.9,4.4,24.4,74.98,0.0,27.0,207,1025.1,89.0,0
13,19,8.8,5.4,25.2,73.31,0.0,38.9,210,1025.0,89.0,1
17,14,9.1,5.4,29.9,72.95,0.0,27.4,203,1025.0,89.0,1
20,12,9.8,6.2,31.4,71.39,0.0,52.5,210,1024.2,96.7,1
21,11,9.9,6.9,24.8,71.8,0.0,32.8,203,1023.5,94.3,1
16,15,9.9,6.7,25.5,73.5,0.0,31.7,203,1023.0,94.2,1
13,19,9.7,6.7,23.3,73.71,0.0,28.8,203,1022.3,88.4,1
15,16,9.6,6.8,20.3,72.97,0.0,26.6,206,1021.8,94.2,0
17,14,9.1,5.7,27.2,74.37,0.0,10.8,192,1021.2,90.3,0
16,16,9.0,5.5,28.0,72.95,0.0,11.9,196,1021.0,57.8,0
14,18,9.1,6.8,15.4,73.49,0.0,18.0,178,1020.5,89.0,0
16,16,9.6,6.8,20.5,74.91,0.0,19.8,171,1019.9,78.1,0
18,14,9.8,6.7,24.4,78.05,0.0,24.5,171,1018.9,79.4,0
18,13,10.0,10.0,24.1,80.92,0.0,63.0,171,1018.1,79.4,0
22,10,10.8,10.8,28.1,79.05,0.0,55.4,179,1017.3,89.1,0
22,9,11.1,11.1,23.4,77.62,0.0,32.4,188,1016.4,89.1,0
22,9,11.1,11.1,17.7,80.12,0.0,48.2,178,1015.9,89.1,0
22,9,11.1,11.1,22.7,80.18,0.0,45.5,203,1015.0,89.1,0
22,9,11.0,11.0,24.0,77.01,0.0,51.8,203,1014.3,89.1,0
22,9,10.9,10.9,30.6,77.07,0.0,53.1,203,1013.0,89.1,0
22,9,10.8,10.8,19.0,82.1,0.0,63.0,196,1012.1,61.2,0
22,9,10.4,10.4,26.7,80.6,0.0,48.5,207,1011.2,71.7,0
26,6,11.1,11.1,16.4,75.59,0.0,63.0,193,1010.9,69.2,0
28,3,10.9,10.9,35.0,75.7,0.0,36.7,186,1009.9,88.9,0
30,1,10.9,10.9,26.6,72.42,0.0,48.1,186,1009.4,76.8,0
31,0,11.5,11.5,40.8,68.68,0.0,70.6,177,1009.3,88.7,1
18,13,12.1,12.1,38.5,64.14,0.0,64.8,176,1008.4,89.0,2
22,9,11.4,11.4,42.2,72.82,0.0,74.8,173,1008.2,89.0,1
28,3,11.9,11.9,43.5,74.8,0.0,63.6,179,1007.5,88.8,2
28,4,12.1,12.1,31.9,76.74,0.0,68.4,186,1008.2,94.2,1
6,25,12.1,12.1,29.6,85.54,0.0,38.2,203,1008.4,94.2,1
7,24,12.1,12.1,27.6,85.91,0.0,64.8,200,1008.9,94.2,0
9,23,12.8,12.8,23.7,82.05,0.0,49.0,203,1009.9,94.2,0
5,26,9.8,6.3,29.9,83.49,0.004,41.0,261,1012.2,94.3,0
1,31,9.0,6.1,20.1,81.15,0.0,40.3,257,1013.4,92.2,0
1,31,8.6,5.8,18.1,81.61,0.0,42.5,260,1014.8,93.0,0
2,30,7.9,4.5,22.2,85.41,0.0,34.9,269,1016.3,94.2,0
2,29,7.4,4.8,14.8,86.57,0.0,36.4,267,1017.2,89.0,0
3,28,7.0,4.1,15.5,86.45,0.0,30.2,282,1017.5,89.1,0
4,27,6.8,4.7,10.4,88.64,0.003,18.0,278,1018.4,89.0,0
4,27,5.9,3.9,9.3,93.36,0.0,18.0,287,1018.9,89.1,0
4,27,5.9,4.3,7.4,88.79,0.0,17.6,313,1019.3,89.0,0
4,27,5.7,3.3,10.7,83.24,0.0,18.0,316,1019.6,89.1,0
4,27,4.9,2.8,9.0,91.8,0.0,18.4,342,1019.5,89.1,0
4,27,4.1,0.6,15.3,90.72,0.0,19.4,3,1020.0,89.1,0
6,26,3.7,0.4,13.7,89.07,3.773,18.0,356,1020.5,90.4,0
8,24,3.0,-0.6,14.5,92.97,0.0,22.3,1,1020.6,90.3,0
7,24,3.6,-0.3,16.8,93.17,0.0,22.3,15,1020.7,90.4,0
8,23,3.9,0.5,14.0,94.22,0.0,23.8,21,1021.3,94.3,0
14,17,4.0,0.3,16.3,93.7,0.0,27.0,17,1021.0,94.2,0
17,15,4.5,0.8,17.8,93.63,0.0,27.4,16,1021.1,94.2,0
18,14,4.8,0.9,19.2,93.8,4.481,22.0,11,1021.0,94.3,0
19,13,4.8,0.8,20.0,93.29,0.0,29.5,14,1020.5,94.3,0
18,13,4.8,1.1,18.6,92.31,0.0,30.6,12,1020.4,97.2,0
18,14,4.9,1.3,17.3,93.18,0.0,33.8,10,1020.0,96.1,0
18,13,4.9,1.5,16.3,86.95,0.0,31.3,8,1020.3,90.3,0
14,18,4.8,1.9,13.2,87.2,0.0,28.4,343,1020.4,90.3,0
15,17,4.8,1.6,14.5,88.14,2.987,23.4,321,1020.6,90.3,0
15,16,4.9,1.3,17.8,87.35,0.0,31.0,323,1021.2,88.7,0
13,19,4.9,1.0,18.8,83.26,0.0,33.8,321,1021.3,89.0,0
9,22,4.8,0.8,20.3,82.2,0.0,35.6,313,1021.9,87.8,0
8,24,3.4,-0.8,19.8,84.27,0.0,35.3,307,1022.5,47.5,0
7,24,2.0,-2.5,18.8,87.98,0.0,33.1,290,1023.3,17.2,0
6,26,1.5,-3.3,19.5,88.29,0.0,33.5,296,1023.9,17.1,0
4,27,1.3,-3.4,18.9,88.85,0.0,34.2,289,1024.3,17.2,0
4,27,0.5,-3.9,16.1,89.38,0.0,33.5,283,1024.6,17.2,0
4,27,0.6,-4.4,20.3,89.05,0.0,32.0,277,1025.4,14.2,0
4,27,0.1,-4.8,18.1,89.85,0.0,30.6,284,1025.6,14.2,0
4,27,0.0,-4.8,17.6,89.25,0.0,27.4,267,1026.6,14.2,0
6,25,-0.2,-4.6,14.5,87.96,0.0,26.6,259,1027.4,14.2,0
10,21,0.0,-4.3,15.0,91.38,0.0,27.0,254,1027.8,14.3,0
14,18,0.3,-3.9,14.7,89.98,0.0,25.9,256,1028.7,31.4,0
18,14,1.1,-3.1,15.3,87.86,0.0,24.8,247,1029.4,26.5,0
30,2,2.2,-1.3,12.4,86.64,0.0,25.2,249,1030.3,41.4,1
31,0,4.1,0.8,14.4,82.45,0.0,27.0,243,1030.3,55.8,2
31,0,4.9,1.9,13.3,82.73,0.001,29.5,235,1030.5,76.0,1
15,17,6.8,4.3,12.7,74.26,0.0,28.8,229,1030.2,83.8,2
14,18,7.8,5.1,15.6,69.22,0.0,28.1,237,1030.2,83.8,1
7,24,7.7,5.0,15.0,66.41,0.0,28.1,236,1030.0,25.0,1
4,28,6.8,4.0,15.0,68.01,0.0,27.7,230,1030.5,15.7,0
1,31,5.2,2.6,11.7,73.82,0.0,20.9,214,1031.1,17.5,0
1,31,4.3,1.1,14.0,77.18,0.0,11.2,196,1030.6,17.5,0
1,31,3.5,0.6,11.4,80.85,0.0,11.2,202,1031.1,19.7,0
0,31,3.6,0.5,12.4,78.0,0.0,11.5,195,1031.1,87.8,0
1,31,4.3,0.8,15.8,73.79,0.0,11.9,188,1030.9,84.8,0
0,31,5.0,1.5,16.9,69.86,0.0,11.9,196,1030.6,81.9,0
0,31,4.5,0.8,17.0,72.02,0.0,12.2,203,1030.5,45.0,0
0,31,4.4,0.4,20.0,72.28,0.0,9.4,196,1029.9,39.9,0
0,31,4.7,0.6,20.7,71.86,0.0,14.4,206,1029.3,76.8,0
0,31,5.1,0.9,22.1,70.99,0.0,20.2,198,1028.1,61.1,0
0,31,5.8,1.8,22.1,70.67,0.0,27.0,209,1027.5,89.0,0
0,31,6.0,1.7,25.7,71.5,0.0,31.7,202,1026.1,89.0,0
0,31,6.0,1.6,27.6,72.04,0.0,34.2,206,1025.2,89.0,0
3,29,6.6,2.1,30.9,72.15,0.0,55.4,206,1023.9,89.0,0
7,24,7.0,2.3,34.3,71.7,0.0,64.8,213,1023.0,88.8,0
10,21,7.0,2.6,30.9,72.36,0.0,50.0,213,1022.1,87.8,0
14,18,7.6,3.0,36.6,72.47,0.0,64.8,210,1020.8,87.8,0
13,18,8.0,3.8,33.0,75.33,0.0,66.6,210,1020.4,89.1,0
12,20,8.9,4.5,39.7,75.75,0.0,64.8,213,1018.9,89.1,1
12,19,9.3,5.4,34.9,78.86,0.0,54.7,223,1017.9,89.1,1
13,19,10.1,10.1,34.7,79.85,0.0,62.4,230,1017.1,89.1,2
6,26,10.6,10.6,32.2,82.4,0.0,63.7,234,1016.4,89.0,1
3,29,10.7,10.7,32.4,88.4,0.0,53.6,237,1016.4,94.3,1
2,30,10.8,10.8,32.1,92.1,0.0,44.6,244,1017.3,94.2,0
1,31,7.4,3.1,31.5,93.54,0.0,64.8,300,1020.5,90.3,0
2,30,6.8,3.0,23.6,89.81,1.536,43.9,287,1022.6,63.7,0
4,27,5.1,1.6,17.5,92.91,0.0,45.4,267,1024.4,25.2,0
5,26,5.8,2.1,20.0,89.95,0.0,43.9,264,1025.5,85.1,0
1,30,4.6,1.2,15.3,89.03,0.0,36.4,263,1026.9,65.1,0
2,30,4.5,0.7,18.3,84.44,0.0,30.2,264,1027.7,76.8,0
0,31,3.9,0.9,12.1,85.46,0.0,25.9,244,1029.2,72.8,0
0,31,3.6,-0.5,18.3,83.93,0.001,28.4,254,1029.6,39.8,0
0,31,3.6,-0.8,20.2,82.3,0.0,28.8,254,1030.2,71.7,0
0,31,3.2,-1.3,21.3,83.88,0.0,28.8,254,1030.4,81.3,0
0,31,2.9,-0.8,15.0,82.76,0.0,28.4,247,1030.6,67.5,0
0,31,3.1,-0.8,15.7,82.55,0.0,28.4,247,1031.5,45.0,0
0,31,3.1,-0.2,13.0,83.57,0.0,27.7,247,1032.2,65.2,0
2,29,3.1,-0.8,16.8,82.08,0.0,25.9,244,1032.5,57.2,0
6,26,3.8,0.2,15.6,81.12,0.0,26.6,244,1032.5,85.1,0
10,21,3.5,0.2,13.2,78.31,0.0,24.8,237,1033.3,67.8,0
14,18,3.0,-0.2,12.1,85.51,0.0,20.2,220,1034.3,87.7,0
22,10,4.6,1.7,12.7,81.22,0.0,15.5,200,1033.7,89.0,1
30,1,6.8,3.8,16.1,75.97,0.0,11.9,213,1034.0,83.6,2
31,1,7.1,4.2,16.4,73.88,0.0,17.3,227,1033.5,82.7,1
26,5,7.1,4.1,17.1,73.29,0.0,20.9,230,1033.0,55.9,1
19,12,7.7,4.1,23.4,69.48,0.0,25.2,220,1032.0,90.0,1
16,15,7.8,4.2,24.2,72.44,0.0,38.9,234,1031.2,89.2,1
16,15,7.8,4.4,22.8,73.82,0.0,25.2,230,1030.5,90.1,0
16,16,7.8,4.5,21.0,76.76,0.0,22.7,237,1030.2,75.4,0
12,19,7.9,5.0,18.4,81.36,0.0,32.4,237,1029.5,89.1,0
5,26,8.3,5.1,21.3,86.45,0.0,41.8,234,1029.2,89.1,0
9,23,8.9,5.6,25.2,88.62,0.0,52.6,237,1028.6,89.1,0
8,24,9.1,5.7,25.3,89.09,0.0,44.6,237,1028.3,77.4,0
7,25,9.1,5.9,24.0,91.25,0.0,65.2,234,1027.8,34.3,0
4,27,9.8,6.8,23.1,88.72,0.0,38.9,237,1027.6,90.4,0
0,31,9.8,7.1,20.7,88.09,0.001,37.1,237,1027.3,90.4,0
0,31,9.8,6.9,22.2,88.24,0.0,37.1,240,1027.4,94.3,0
0,31,9.8,7.0,21.8,89.11,0.0,54.0,230,1026.9,94.3,0
0,31,9.9,6.8,25.5,89.9,0.0,38.9,237,1026.5,94.3,0
0,31,9.9,6.9,24.1,92.29,0.0,37.1,240,1026.0,94.3,0
0,31,10.3,10.3,22.3,87.53,0.0,49.0,237,1025.5,90.4,0
1,30,10.6,10.6,25.8,86.24,0.0,56.2,247,1025.3,85.2,0
5,27,10.9,10.9,24.7,84.93,0.0,42.5,237,1025.2,90.4,0
6,26,10.8,10.8,28.3,87.49,0.0,48.2,247,1025.3,90.4,0
8,24,10.8,10.8,30.4,87.8,0.0,48.2,247,1025.5,89.1,1
13,18,10.9,10.9,23.2,87.5,0.0,40.7,240,1025.6,90.4,1
14,17,11.4,11.4,23.3,85.96,0.0,64.1,240,1025.4,89.1,1
17,14,12.1,12.1,21.4,85.86,0.002,56.2,240,1025.3,89.0,1
18,14,12.2,12.2,22.8,87.1,0.0,58.3,241,1025.1,89.0,2
23,8,12.4,12.4,30.5,84.93,0.0,44.6,247,1024.2,89.1,1
17,15,11.9,11.9,27.9,86.81,0.0,45.5,248,1023.8,81.3,1
15,17,12.5,12.5,25.9,83.56,0.0,61.6,247,1024.2,89.1,0
18,14,12.6,12.6,28.0,83.14,0.0,42.5,247,1024.2,89.1,0
21,11,12.1,12.1,27.8,86.1,0.075,42.5,247,1024.2,89.1,0
20,12,12.0,12.0,24.2,87.75,0.0,38.9,250,1024.4,89.1,0
27,4,12.0,12.0,23.6,86.92,0.0,52.6,240,1024.4,89.1,0
27,5,11.9,11.9,22.0,89.27,0.0,35.3,240,1024.4,89.1,0
25,7,11.7,11.7,22.5,91.34,0.0,53.3,240,1024.5,94.3,0
25,6,11.6,11.6,18.7,94.79,0.0,53.6,240,1024.5,94.3,0
23,9,11.1,11.1,18.9,97.75,0.079,49.3,240,1024.4,94.3,0
23,8,11.1,11.1,20.3,97.67,0.0,52.2,240,1024.2,94.3,0
23,8,11.1,11.1,22.0,97.41,0.0,54.4,243,1024.1,94.2,0
23,8,11.0,11.0,22.3,93.96,0.0,37.1,247,1023.9,94.2,0
23,8,10.8,10.8,27.6,93.38,0.0,52.9,250,1023.5,86.4,0
23,8,10.1,10.1,32.3,93.25,0.0,53.3,264,1024.1,65.1,0
25,7,10.1,10.1,28.5,92.75,0.0,43.9,267,1024.4,89.0,0
28,4,9.7,6.5,26.2,91.53,0.0,46.4,277,1025.1,90.3,0
30,2,9.0,6.6,16.3,92.36,0.0,46.1,280,1025.3,90.3,0
31,0,8.4,5.4,20.0,95.74,0.0,39.2,283,1025.5,90.4,0
31,0,8.1,5.2,17.6,93.31,0.0,36.0,287,1026.2,92.2,0
22,9,8.8,6.2,17.1,92.29,0.0,44.6,270,1026.2,89.0,1
16,16,8.1,5.4,17.1,94.41,0.001,33.1,287,1026.4,95.9,0
16,16,8.8,5.9,20.2,93.86,0.0,37.1,268,1026.2,92.8,1
17,15,9.1,6.0,22.6,87.77,0.0,38.5,260,1025.3,89.0,1
17,15,9.2,6.2,22.3,87.86,0.0,39.2,260,1025.3,89.0,0
21,11,8.9,5.9,20.9,87.45,0.0,40.7,257,1024.7,89.0,0
22,9,8.8,5.4,24.0,85.22,0.0,32.0,263,1025.1,89.0,0
25,6,8.3,5.3,19.6,87.27,0.149,39.2,256,1025.2,87.8,0
25,6,8.1,5.0,19.8,82.24,0.0,38.5,257,1025.4,87.8,0
27,3,7.8,4.8,18.2,87.39,0.0,37.8,247,1025.6,87.8,0
30,1,7.9,4.5,22.3,84.18,0.0,33.5,254,1025.3,87.8,0
30,1,7.9,5.0,17.8,89.4,0.0,37.8,247,1024.6,77.4,0
29,2,7.9,5.4,15.1,92.73,0.0,37.4,237,1024.4,89.1,0
29,2,7.9,4.4,23.3,88.52,0.003,23.0,257,1024.4,93.0,0
26,4,7.9,4.9,18.8,94.06,0.0,27.4,257,1024.4,90.3,0
26,4,8.1,5.2,18.0,94.56,0.0,28.8,245,1024.0,89.1,0
26,4,8.8,6.1,17.7,89.95,0.0,39.2,247,1023.3,89.1,0
26,4,8.9,6.1,18.4,89.71,0.0,47.2,247,1022.5,87.8,0
26,4,8.8,5.7,21.2,88.85,0.0,49.0,247,1022.3,89.1,0
27,4,8.9,6.1,18.9,89.42,0.0,45.4,240,1021.9,93.0,0
28,2,9.2,6.1,23.1,91.11,0.0,45.4,240,1020.9,94.3,0
30,1,10.1,10.1,25.5,91.33,0.0,38.9,237,1020.3,94.3,0
30,0,11.0,11.0,27.7,92.25,0.0,49.4,240,1019.6,96.1,0
30,0,11.6,11.6,32.6,86.63,0.0,55.4,247,1019.3,92.2,0
31,0,12.0,12.0,33.7,86.29,0.0,70.6,250,1019.4,89.1,0
13,19,12.3,12.3,39.0,84.4,0.003,64.2,257,1019.7,89.0,1
13,19,13.1,13.1,40.0,77.78,0.0,65.5,257,1019.3,89.0,1
10,22,13.0,13.0,39.6,75.37,0.0,65.5,257,1019.3,87.8,2
13,18,12.9,12.9,40.4,74.04,0.0,64.4,260,1019.3,89.0,1
16,15,12.2,12.2,35.4,76.05,0.0,60.1,260,1020.1,92.2,0
19,13,11.9,11.9,32.2,76.85,0.0,52.4,256,1019.7,96.1,0
16,16,11.2,11.2,36.1,76.13,0.0,59.4,250,1019.6,89.1,0
15,17,11.0,11.0,32.7,75.42,0.0,48.2,250,1020.2,89.1,0
13,18,10.9,10.9,30.4,75.74,0.0,46.4,250,1019.8,89.1,0
12,20,10.7,10.7,28.8,77.06,0.0,48.5,240,1020.1,89.1,0
11,20,10.6,10.6,28.6,75.97,0.0,50.0,245,1020.1,89.1,0
11,21,10.6,10.6,25.9,74.67,0.0,46.4,243,1020.1,92.2,0
11,20,10.4,10.4,29.2,75.74,0.0,49.4,240,1019.7,92.2,0
12,19,10.0,7.0,24.5,77.7,0.0,63.7,240,1019.5,92.2,0
12,19,9.9,6.8,24.8,78.54,0.0,61.9,237,1018.6,92.2,0
12,19,9.6,6.4,24.7,79.27,0.0,40.7,237,1018.2,92.2,0
12,19,9.1,5.5,29.6,80.97,0.0,53.6,247,1016.8,89.1,0
12,19,9.3,5.6,30.0,80.36,0.0,48.2,247,1016.5,92.2,0
13,18,9.1,5.7,25.9,80.9,0.002,57.2,244,1015.7,90.4,0
15,16,9.1,5.7,26.1,81.47,0.0,49.4,237,1015.3,89.1,0
17,14,9.0,5.7,25.0,85.78,0.0,67.0,234,1014.7,78.6,0
18,13,9.8,6.7,24.4,81.77,0.0,58.0,237,1014.2,89.1,0
20,11,10.1,10.1,27.0,79.91,0.0,46.4,237,1013.3,89.1,1
23,9,10.3,10.3,30.3,79.89,0.0,51.8,240,1013.2,89.1,1
21,11,10.9,10.9,30.3,76.29,0.003,64.8,247,1012.6,89.0,1
24,7,11.0,11.0,28.8,76.4,0.0,44.6,247,1012.2,89.0,1
24,7,11.6,11.6,33.3,70.85,0.0,59.8,247,1011.5,89.0,1
23,8,11.5,11.5,28.4,72.68,0.0,52.3,240,1011.1,89.1,1
27,4,11.3,11.3,28.1,74.72,0.0,44.6,240,1009.7,89.0,0
29,2,11.5,11.5,31.4,75.04,0.0,55.5,240,1009.3,89.1,0
28,4,11.1,11.1,28.8,76.92,0.0,57.6,240,1009.3,85.1,0
28,3,11.1,11.1,26.7,77.28,0.0,44.6,247,1008.7,86.5,0
27,4,11.4,11.4,26.5,76.15,0.0,46.4,240,1008.5,90.3,0
26,5,10.8,10.8,25.2,83.0,0.0,40.7,240,1008.2,90.4,0
25,6,10.8,10.8,25.3,84.59,0.0,42.5,237,1007.6,90.4,0
26,6,10.1,10.1,24.2,91.37,0.0,42.5,237,1007.4,90.4,0
26,5,10.1,10.1,22.8,91.36,0.079,58.0,237,1006.8,89.0,0
25,6,10.1,10.1,23.4,88.14,0.0,58.7,233,1006.4,89.0,0
25,6,10.6,10.6,26.1,84.56,0.0,42.5,233,1005.2,89.0,0
25,6,10.1,10.1,27.7,85.58,0.0,44.6,230,1004.4,89.1,0
25,6,10.7,10.7,27.4,78.37,0.0,50.0,240,1003.4,90.4,0
25,6,9.8,6.3,29.1,92.29,0.0,67.7,233,1003.2,90.3,0
27,5,9.9,6.6,29.0,93.18,0.03,46.4,240,1002.4,90.4,0
29,3,10.5,10.5,28.5,91.2,0.0,48.2,238,1002.3,90.3,0
15,17,10.8,10.8,26.4,94.04,0.0,42.5,240,1002.4,90.3,0
20,12,8.8,5.8,20.7,94.12,0.0,53.6,305,1003.2,94.3,0
24,7,6.9,3.3,20.8,94.68,0.0,47.9,322,1004.4,94.3,0
25,6,6.5,4.4,10.4,93.75,0.0,37.4,306,1005.4,94.3,0
25,7,6.1,4.5,8.0,91.72,7.509,22.3,286,1005.6,94.2,1
23,8,6.5,4.1,12.2,88.34,0.0,24.8,310,1005.5,94.3,1
15,16,6.6,4.5,10.3,82.88,0.0,22.7,316,1005.3,94.2,1
9,22,6.5,4.4,10.7,77.55,0.0,19.1,343,1005.0,94.2,0
9,23,6.1,3.4,12.7,75.86,0.0,17.3,341,1004.6,93.0,0
9,23,5.3,2.9,10.7,78.55,0.0,13.3,334,1005.5,93.0,0
6,25,3.4,1.2,8.4,83.07,0.0,11.9,316,1006.0,81.3,0
6,26,2.7,-0.3,10.8,88.68,0.0,13.7,313,1006.4,85.1,0
3,29,2.6,0.1,9.0,90.84,0.0,14.4,293,1006.6,85.1,0
1,30,2.4,-0.3,9.6,92.33,0.0,14.8,290,1007.3,75.4,0
1,30,2.3,-0.2,8.9,92.67,0.0,14.4,286,1007.4,75.4,0
2,30,2.7,-0.1,9.9,90.47,0.0,13.7,288,1007.5,75.4,0
2,29,2.7,0.4,8.3,90.12,0.0,11.2,318,1007.5,75.4,0
2,29,2.5,0.7,6.3,92.41,0.0,12.6,297,1007.7,75.4,0
2,29,2.3,-0.1,8.3,93.62,0.0,11.2,303,1007.5,74.9,0
2,29,1.0,-2.0,9.6,93.56,0.0,10.8,286,1008.1,39.5,0
2,29,0.1,-2.4,7.4,93.16,0.0,12.2,270,1006.7,63.2,0
2,29,0.0,-3.2,9.6,94.59,0.0,12.2,274,1007.4,75.4,0
4,27,0.8,-2.1,9.0,93.65,0.0,11.2,277,1007.3,75.4,0
6,25,0.9,-2.6,11.6,94.01,0.0,12.2,294,1007.4,84.7,0
10,22,0.9,-1.1,6.3,94.52,0.0,11.9,251,1007.5,88.8,0
10,20,0.1,0.1,4.3,94.49,0.0,12.2,249,1007.5,84.6,0
12,19,1.7,-0.8,8.3,90.48,0.0,14.4,280,1007.6,77.3,1
12,19,3.9,2.2,6.9,79.16,0.0,16.9,319,1007.4,75.3,2
12,19,5.3,3.9,6.3,70.65,0.001,16.6,336,1007.3,75.3,2
9,22,5.9,3.8,9.6,71.22,0.0,16.9,349,1007.2,77.3,2
10,21,6.0,4.0,9.4,68.37,0.0,15.5,341,1006.5,77.3,2
9,22,5.9,3.9,9.4,68.04,0.0,15.1,39,1006.4,77.3,1
7,25,5.3,2.9,10.7,72.77,0.0,15.1,21,1006.0,77.3,0
7,25,4.2,1.8,9.9,75.31,0.0,14.4,39,1005.5,85.2,0
2,30,3.1,1.2,7.4,79.1,0.0,7.2,31,1005.3,83.6,0
4,28,2.4,-0.3,9.4,83.82,0.0,7.2,66,1005.0,83.7,0
6,25,1.7,-1.3,9.9,84.46,0.0,6.8,80,1004.1,83.6,0
5,26,2.1,-1.0,10.7,86.5,0.0,13.7,98,1003.2,85.1,0
4,27,2.8,-0.8,14.0,86.92,0.0,18.4,90,1002.5,83.1,0
1,30,4.1,0.5,16.3,82.58,0.0,22.7,90,1001.9,87.8,0
2,30,4.5,0.3,21.3,80.64,0.0,28.1,90,1000.3,87.8,0
1,30,4.9,0.5,24.6,79.31,0.0,33.1,93,999.2,89.0,0
1,30,4.9,0.6,23.5,80.18,0.0,38.9,97,998.0,89.1,0
1,30,3.8,-1.0,25.5,79.38,0.0,45.4,103,996.9,89.0,0
1,30,2.9,-2.1,25.2,85.45,0.0,46.4,92,995.2,89.1,0
1,30,2.9,-2.7,30.6,87.95,0.0,47.2,80,993.2,89.0,0
3,29,3.1,-2.6,32.4,91.27,3.759,50.0,87,991.8,89.0,0
4,28,3.1,-2.7,33.2,88.38,0.0,50.0,90,990.1,90.4,0
9,22,2.6,-3.3,33.0,92.0,0.0,48.2,87,988.3,92.2,0
11,20,3.6,-1.9,31.2,93.0,0.0,45.7,90,987.1,94.2,0
13,18,4.6,-1.1,37.1,95.19,0.0,47.2,87,985.8,94.3,0
14,17,4.9,-0.3,32.9,95.47,0.0,55.4,94,985.0,96.1,0
15,17,4.9,-0.3,33.4,96.52,9.81,38.2,90,984.1,96.1,1
15,17,5.3,0.3,30.9,97.76,0.0,37.1,90,983.1,96.1,1
13,19,5.1,0.4,28.3,98.81,0.0,36.4,87,982.2,96.1,0
10,21,5.2,0.3,30.5,98.19,0.0,33.1,83,981.0,96.1,0
8,24,5.8,1.3,27.1,95.61,0.0,29.2,83,979.9,96.1,0
7,24,5.9,1.6,26.2,99.09,0.0,25.9,80,978.9,96.1,0
7,25,6.0,1.7,26.5,98.91,2.24,31.3,77,978.0,96.1,0
6,26,6.7,2.9,24.1,97.17,0.0,28.8,80,977.4,96.1,0
6,26,7.0,4.0,16.9,99.0,0.0,20.9,81,976.5,95.6,0
4,27,6.9,2.8,26.2,99.98,0.0,36.7,80,976.0,95.6,0
5,27,6.3,2.0,27.8,99.1,0.0,36.7,93,975.9,96.1,0
2,30,5.8,1.2,29.1,96.29,0.0,32.8,87,975.2,96.1,0
1,30,5.9,2.0,22.2,96.12,3.004,34.9,86,975.0,96.1,0
0,31,5.4,0.5,30.8,98.55,0.0,37.1,80,974.4,96.1,0
0,31,5.3,0.3,31.2,97.76,0.0,38.5,80,974.1,96.1,0
0,31,5.2,0.4,28.9,97.82,0.0,38.9,80,973.9,96.1,0
0,31,5.2,0.6,26.2,97.82,0.0,42.8,80,973.1,96.1,0
0,31,5.1,0.4,27.5,98.26,0.0,43.2,80,973.1,96.1,0
2,30,5.2,0.7,26.0,97.03,4.48,38.2,73,973.1,96.1,0
4,27,5.6,1.3,25.0,94.11,0.0,39.2,76,973.1,96.1,0
9,22,5.6,1.4,23.9,95.23,0.0,34.6,76,973.4,96.1,0
12,18,5.6,1.7,21.1,95.4,0.0,33.8,73,973.9,96.1,0
16,14,5.8,2.3,18.2,93.46,0.0,29.9,73,974.0,96.1,0
17,13,5.8,2.2,18.9,94.74,0.0,24.8,66,973.9,94.3,0
18,13,6.0,2.7,17.0,93.79,0.092,20.2,69,973.9,94.2,1
15,16,6.1,2.7,17.9,92.71,0.0,19.4,73,973.5,94.3,1
14,18,6.0,3.0,15.5,93.56,0.0,16.6,63,973.4,96.1,1
11,21,6.1,3.5,12.7,96.88,0.0,16.6,57,973.3,94.3,0
9,23,6.1,3.8,10.7,97.93,0.0,15.8,52,973.4,94.3,0
10,22,6.0,3.8,10.4,98.28,0.0,9.0,49,973.4,92.2,0
17,14,5.9,3.8,10.1,98.82,0.0,8.3,66,973.5,96.1,0
22,10,6.0,5.1,5.3,98.29,0.0,9.4,96,974.0,94.3,0
23,8,6.0,6.0,4.7,98.29,0.0,9.7,119,974.3,96.1,0
26,5,6.0,6.0,4.7,98.03,0.0,9.7,101,974.4,93.0,0
28,3,6.0,4.3,8.3,98.29,0.0,9.4,110,975.0,89.1,0
28,4,5.9,4.1,8.3,97.85,0.0,7.9,145,975.4,85.2,0
23,8,5.0,3.0,8.7,93.43,0.009,2.2,168,975.4,41.2,0
19,12,2.9,1.7,5.0,92.84,0.0,4.0,117,976.1,17.2,0
19,12,2.0,-0.3,7.7,94.97,0.0,3.6,151,976.2,17.5,0
19,12,2.2,0.0,7.8,94.56,0.0,3.2,134,976.4,17.2,0
19,12,2.0,-0.8,9.5,94.89,0.0,5.8,103,976.2,17.2,0
19,12,2.4,-0.2,9.0,95.68,0.0,8.6,94,976.6,65.1,0
22,10,2.4,0.0,8.4,97.74,0.0,13.7,103,977.1,32.6,0
25,7,2.3,0.9,5.3,96.73,0.0,15.1,105,977.6,48.8,0
27,4,2.4,1.0,5.3,95.05,0.0,16.2,120,978.5,63.8,0
29,3,4.9,3.1,7.4,98.57,0.0,16.9,103,979.1,61.7,1
30,1,6.8,4.2,13.2,98.75,0.0,25.9,114,979.5,77.8,1
25,7,8.6,6.0,16.3,89.85,0.0,36.0,109,979.9,43.6,1
24,8,8.8,6.3,16.3,86.34,0.076,33.1,121,980.0,68.8,1
14,18,8.9,6.7,14.6,82.19,0.0,36.7,115,980.4,87.6,1
3,28,8.9,6.4,16.3,82.49,0.0,36.7,115,980.9,89.0,1
3,29,8.6,6.4,13.7,80.96,0.0,35.6,98,981.1,85.1,1
3,28,8.3,6.3,11.7,84.43,0.0,32.4,87,981.9,89.0,0
7,24,7.8,5.9,11.0,85.7,0.0,23.8,70,982.4,89.1,0
9,22,6.8,4.6,11.6,87.87,0.0,11.9,50,983.1,87.8,0
8,23,5.1,2.4,11.9,93.16,0.0,11.9,43,984.0,59.9,0
13,18,3.1,0.6,9.0,93.66,0.0,5.0,56,984.4,44.0,0
18,13,2.6,0.5,7.4,97.9,0.0,4.0,313,985.3,53.8,0
28,4,2.2,0.2,6.6,97.97,0.0,7.9,247,985.6,39.9,0
31,1,1.5,1.5,4.6,95.99,0.0,9.7,245,986.4,76.8,0
29,2,0.8,-2.1,9.0,98.76,0.0,12.6,261,986.6,40.8,0
29,2,1.6,-2.1,13.2,99.81,0.0,14.8,276,987.4,91.0,0
29,2,3.3,1.3,7.7,99.61,0.0,15.1,242,987.7,91.0,0
29,2,4.0,1.1,11.6,97.38,0.0,16.9,262,988.4,90.3,0
29,2,4.3,1.4,12.1,99.52,0.0,21.6,257,988.5,90.3,0
29,2,4.8,1.6,14.5,96.95,0.0,25.2,257,989.2,92.2,0
29,2,4.9,1.5,16.1,98.71,0.0,29.2,254,989.4,88.8,0
30,2,4.7,0.9,18.6,95.21,0.0,29.2,254,989.6,89.0,0
31,1,4.1,0.1,18.0,93.88,0.0,31.0,256,990.5,53.9,0
31,1,4.3,1.0,14.1,91.69,0.0,33.1,246,991.2,53.9,0
31,0,5.4,2.0,16.6,90.58,0.0,38.2,251,991.5,89.0,2
31,0,6.8,3.0,22.8,83.96,0.0,38.9,258,992.2,69.8,2
31,1,7.6,3.7,26.9,78.33,0.0,47.2,267,992.4,85.1,1
21,10,7.7,3.8,28.0,76.95,0.0,47.5,277,992.5,65.0,1
11,21,8.1,4.2,29.5,72.59,0.0,46.1,267,992.4,53.8,3
16,15,7.9,4.1,27.4,70.86,0.0,43.6,274,992.5,50.0,2
15,16,6.7,2.7,24.6,77.73,0.0,46.1,264,993.4,64.9,1
13,19,6.6,4.1,12.6,71.52,0.0,38.2,250,993.5,17.2,0
11,21,5.8,3.1,12.4,72.33,0.002,30.2,240,994.0,17.3,0
9,22,4.7,1.7,13.2,76.51,0.0,33.8,230,994.4,23.5,0
10,22,4.2,0.8,14.8,80.11,0.0,37.4,233,994.5,36.1,0
10,21,4.0,0.2,16.8,82.41,0.0,43.2,237,995.0,34.2,0
8,24,3.7,0.0,16.2,83.09,0.0,46.1,237,995.3,39.5,0
7,24,3.4,-0.5,17.2,84.78,0.0,46.8,237,995.5,33.9,0
7,24,3.0,-1.5,20.4,86.87,0.0,40.7,247,996.2,27.6,0
7,24,2.8,-1.3,17.7,86.44,0.0,44.3,237,996.5,25.0,0
7,24,2.8,-2.0,22.4,84.07,0.0,43.9,247,996.9,17.1,0
7,24,2.0,-2.5,19.0,86.71,0.0,41.0,237,997.5,17.2,0
7,24,1.9,-2.7,19.6,86.94,0.0,41.0,237,997.7,17.1,0
7,24,2.0,-2.6,19.6,85.98,0.0,39.6,240,998.4,17.2,0
4,27,2.1,-2.2,17.7,85.37,0.001,39.2,237,999.3,17.2,0
3,29,2.0,-2.4,17.8,86.15,0.0,40.0,227,1000.1,17.2,0
7,25,2.3,-1.9,17.1,84.66,0.0,39.6,234,1000.7,25.0,0
9,22,3.3,-0.7,17.8,80.98,0.0,37.1,233,1001.4,25.0,0
14,18,4.7,0.6,21.5,76.99,0.0,42.1,230,1001.6,17.2,2
16,16,5.8,2.0,21.0,76.43,0.0,46.4,230,1002.3,19.9,3
17,14,7.0,3.4,22.0,74.47,0.001,46.8,230,1002.3,41.1,3
15,17,7.6,3.8,25.0,68.56,0.0,42.5,239,1002.3,66.2,3
12,19,7.8,4.2,24.2,68.37,0.0,38.9,233,1002.3,73.5,1
12,20,8.0,4.1,28.5,68.5,0.0,44.6,232,1002.2,47.7,2
10,22,7.0,3.3,23.1,77.72,0.0,51.5,240,1002.4,50.2,1
10,21,6.6,2.8,22.8,80.87,0.0,38.9,230,1002.5,45.1,0
14,17,6.5,2.7,23.4,80.27,0.075,46.1,240,1003.4,59.9,0
15,16,6.1,2.5,19.7,81.48,0.0,48.2,240,1004.2,65.1,0
20,11,5.9,1.9,23.8,84.44,0.0,47.9,246,1004.8,66.2,0
19,13,5.1,1.4,18.1,89.26,0.0,42.8,237,1005.3,53.2,0
18,14,5.6,2.2,17.1,83.49,0.0,41.4,237,1005.5,87.4,0
16,15,5.0,1.6,16.1,81.97,0.0,36.7,227,1006.4,37.9,0
15,17,5.0,1.5,16.8,87.18,0.075,28.4,227,1006.5,89.0,0
14,17,4.9,1.5,15.8,87.01,0.0,28.4,223,1007.0,83.8,0
14,17,5.0,2.0,14.1,86.7,0.0,22.7,216,1007.0,89.0,0
14,17,4.9,2.4,11.0,86.93,0.0,18.7,220,1007.0,89.0,0
14,17,4.3,1.3,12.4,87.2,0.0,15.5,213,1007.0,88.8,0
14,17,4.3,1.3,13.0,85.76,0.0,14.0,203,1006.5,87.7,0
15,17,4.3,1.6,11.1,86.79,0.074,7.9,209,1006.5,89.0,0
18,13,4.5,2.0,10.0,86.09,0.0,8.6,203,1006.5,89.0,0
20,11,4.8,3.7,5.7,86.84,0.0,4.7,174,1006.5,89.0,0
23,9,6.2,4.3,9.4,81.92,0.0,6.1,179,1006.4,89.0,0
31,1,7.0,5.5,8.1,81.18,0.0,6.1,177,1006.0,89.0,1
31,1,7.9,7.1,5.6,77.43,0.0,11.2,128,1005.6,89.1,1
31,1,8.3,6.9,8.4,79.55,0.0,16.9,116,1005.4,89.1,2
31,1,8.4,6.4,11.8,83.57,0.0,18.4,110,1004.9,89.1,1
28,3,8.3,6.2,12.7,89.2,0.0,18.0,106,1004.4,89.3,1
3,29,8.5,6.3,13.5,89.06,0.0,13.7,94,1003.9,79.4,1
1,30,8.4,6.4,11.5,90.27,0.0,13.3,103,1004.0,87.8,0
2,29,8.1,6.1,11.4,92.34,0.0,13.3,119,1003.9,89.1,0
6,25,7.8,5.9,11.0,94.91,0.612,15.8,129,1004.0,87.8,0
3,28,7.9,6.3,9.5,95.11,0.0,16.6,119,1004.3,89.1,0
1,30,7.8,5.9,10.7,95.76,0.0,16.6,131,1004.3,90.4,0
2,30,7.9,6.1,10.1,97.56,0.0,16.6,107,1004.0,90.4,0
1,31,7.9,6.2,9.6,99.28,0.0,16.6,126,1003.9,96.1,0
0,31,7.9,6.1,10.6,99.2,0.0,14.8,183,1003.5,94.2,0
0,31,8.7,7.0,10.9,95.81,2.283,11.9,160,1003.3,93.0,0
1,30,7.1,6.4,5.2,95.99,0.0,10.8,292,1003.3,91.7,0
1,30,9.6,7.5,13.8,97.34,0.0,20.9,217,1003.2,92.9,0
1,30,10.1,10.1,15.3,93.45,0.0,12.6,210,1003.0,57.1,0
1,30,10.3,10.3,13.5,95.19,0.0,23.8,209,1002.9,79.4,0
1,30,10.2,10.2,15.8,93.86,0.0,15.8,206,1002.8,89.0,0
2,30,10.8,10.8,13.2,93.48,0.0,5.0,197,1002.8,83.3,0
5,26,10.9,10.9,14.1,90.14,0.0,8.3,206,1002.9,93.0,0
9,23,10.6,10.6,10.9,91.95,0.0,9.0,206,1003.2,89.0,0
11,21,11.3,11.3,13.8,91.67,0.0,13.0,206,1003.4,89.0,0
16,16,12.1,12.1,13.5,91.8,0.0,30.6,220,1003.9,87.8,1
18,14,12.9,12.9,19.4,88.29,0.0,40.3,220,1004.2,89.1,1
20,12,12.8,12.8,17.1,89.23,0.184,35.6,223,1004.4,90.3,1
21,10,13.0,13.0,18.6,84.26,0.0,37.1,223,1004.9,90.3,1
23,9,13.0,13.0,18.4,81.02,0.0,32.4,220,1004.9,90.2,1
23,9,13.0,13.0,19.4,78.6,0.0,29.5,220,1004.9,90.3,1
20,12,12.8,12.8,18.4,81.35,0.0,26.3,203,1004.9,90.3,0
20,11,12.6,12.6,16.1,80.91,0.0,12.2,190,1004.9,92.2,0
25,6,11.8,11.8,14.7,88.56,0.0,15.1,151,1004.9,92.2,0
22,9,11.2,11.2,12.7,92.95,0.0,14.4,164,1004.9,90.3,0
24,8,11.2,11.2,13.2,93.17,0.0,13.7,174,1004.3,90.3,0
21,10,11.1,11.1,13.5,92.99,0.0,12.2,160,1003.9,90.4,0
20,12,10.9,10.9,14.8,93.88,0.0,15.5,170,1003.4,96.1,0
19,13,11.8,11.8,15.1,89.11,0.0,14.4,185,1002.8,91.7,0
18,14,12.0,12.0,18.1,88.13,2.257,23.0,203,1002.4,89.2,0
17,14,12.1,12.1,22.1,92.17,0.0,19.4,220,1002.9,93.0,0
17,14,12.0,12.0,15.8,89.58,0.0,14.4,220,1002.9,93.0,0
17,14,11.4,11.4,11.7,96.35,0.0,10.8,206,1002.3,96.1,0
17,14,11.3,11.3,5.8,96.44,0.0,11.2,133,1001.3,91.7,0
17,14,10.7,10.7,9.6,97.02,0.0,11.5,154,1000.8,94.2,0
18,14,10.6,10.6,9.4,96.76,2.266,8.3,164,1000.3,94.3,0
3,29,10.5,10.5,11.8,95.86,0.0,9.0,168,999.8,96.1,0
9,23,11.7,11.7,10.8,93.61,0.0,9.7,181,999.5,94.3,0
9,22,11.9,11.9,15.8,92.97,0.0,10.1,203,999.5,92.2,0
15,15,11.8,11.8,14.7,95.57,0.0,4.3,213,1000.1,90.4,1
19,12,12.0,12.0,18.3,94.5,0.0,13.7,223,1000.4,92.0,1
19,11,12.1,12.1,19.5,93.35,1.519,23.8,270,1000.4,89.0,2
19,12,12.2,12.2,17.8,91.19,0.0,24.8,267,1000.7,83.2,2
16,15,12.8,12.8,17.3,87.78,0.0,22.3,267,1001.1,89.0,2
3,29,12.6,12.6,20.8,82.88,0.0,24.8,270,1001.3,89.0,1
5,27,12.1,12.1,13.7,83.29,0.0,25.6,257,1002.1,89.0,1
5,27,11.6,11.6,8.4,85.35,0.0,21.2,227,1002.3,88.9,0
1,31,11.5,11.5,9.4,84.9,0.0,19.1,244,1002.5,79.0,0
1,30,10.2,10.2,12.3,89.83,0.0,20.2,262,1003.4,87.5,0
3,29,9.7,7.5,15.5,89.07,0.0,18.0,264,1003.7,89.0,0
4,27,9.8,8.2,11.1,88.4,0.0,18.7,254,1004.4,87.8,0
5,27,8.5,6.8,10.1,90.51,0.0,18.7,234,1005.0,59.9,0
3,29,8.2,6.7,9.5,90.41,0.0,19.4,230,1005.4,46.2,0
0,31,7.8,5.8,11.0,93.38,0.001,15.1,230,1005.5,46.3,0
0,31,8.1,6.3,10.4,92.52,0.0,17.6,223,1006.0,73.5,0
0,31,8.1,6.2,10.4,89.03,0.0,19.1,234,1006.2,77.4,0
0,31,8.8,6.3,15.8,88.16,0.0,19.1,227,1006.4,61.2,0
0,31,8.9,6.4,16.6,91.2,0.0,19.8,230,1006.9,85.2,0
0,31,8.8,6.2,16.8,93.2,0.0,28.8,228,1007.3,85.2,0
1,31,8.8,6.3,16.4,94.04,0.224,35.6,230,1007.9,85.2,0
5,27,8.8,6.0,19.1,95.04,0.0,44.3,230,1008.4,85.2,0
9,22,8.9,6.2,18.2,94.62,0.0,45.4,234,1009.4,85.2,0
13,19,9.1,6.2,21.0,93.88,0.0,43.2,237,1010.3,89.1,0
12,19,9.1,6.2,20.7,97.46,0.0,45.0,240,1011.4,89.0,2
15,17,10.0,10.0,20.2,92.6,0.0,52.2,247,1012.3,89.0,3
15,17,9.9,7.2,21.0,93.26,0.457,43.9,257,1013.3,89.0,2
14,17,10.3,10.3,22.4,91.65,0.0,45.4,250,1014.2,89.0,1
14,17,10.9,10.9,28.2,83.36,0.0,44.6,264,1014.7,66.4,1
14,18,10.8,10.8,18.9,85.38,0.0,42.5,253,1015.4,87.5,1
4,28,10.1,10.1,17.5,85.24,0.0,36.0,267,1016.3,54.0,0
3,29,10.4,10.4,7.1,83.95,0.0,26.3,326,1017.3,63.8,0
5,26,9.7,9.3,5.4,85.59,0.0,5.0,208,1017.5,76.8,0
8,24,8.4,7.5,6.7,92.42,0.0,8.3,152,1018.4,87.8,0
8,24,9.4,8.5,7.4,86.97,0.0,10.4,150,1019.2,89.1,0
8,23,10.1,10.1,7.7,88.68,0.0,10.4,146,1019.4,89.1,0
9,22,10.0,10.0,7.4,89.05,0.0,7.6,141,1019.9,89.0,0
7,24,10.0,9.5,5.7,89.6,0.0,5.8,173,1020.1,78.1,0
3,29,10.1,10.1,4.5,94.18,0.08,3.2,323,1020.9,89.1,0
0,31,9.1,8.6,5.4,97.04,0.0,4.0,140,1020.9,89.1,0
0,31,7.9,7.0,6.3,93.43,0.0,4.0,166,1021.0,61.2,0
0,31,9.3,8.7,5.7,94.31,0.0,6.8,155,1021.0,61.2,0
0,31,6.6,5.7,5.6,93.36,0.0,6.5,115,1021.0,44.2,0
0,31,5.3,5.3,3.6,96.96,0.0,9.7,325,1021.1,41.1,0
1,30,5.8,4.6,6.3,98.12,0.0,2.9,256,1021.3,45.0,0
3,28,9.1,7.7,9.1,94.71,0.0,13.7,223,1020.9,61.2,0
5,26,9.9,8.2,11.7,89.82,0.0,13.3,156,1021.0,61.1,0
6,25,9.3,7.7,10.2,94.57,0.0,11.5,138,1020.8,89.1,0
8,23,10.9,10.9,14.8,90.4,0.0,13.7,130,1020.1,89.1,0
12,20,11.3,11.3,17.4,91.9,0.0,14.0,153,1019.9,90.3,0
14,18,11.4,11.4,15.1,92.55,1.519,18.0,147,1018.9,90.4,1
14,18,12.5,12.5,15.5,87.03,0.0,48.2,217,1019.0,90.4,0
14,17,12.0,12.0,17.7,92.24,0.0,31.7,220,1019.1,90.4,1
10,22,12.8,12.8,19.4,88.34,0.0,28.8,230,1018.5,89.0,3
9,23,12.8,12.8,15.6,89.34,0.0,24.8,230,1019.2,89.0,0
10,21,12.4,12.4,14.6,92.45,0.0,35.3,220,1019.2,89.1,0
10,21,12.8,12.8,16.7,89.81,0.0,14.4,216,1019.3,89.0,0
10,22,12.9,12.9,14.5,93.01,0.0,30.2,216,1019.9,90.4,0
10,22,12.9,12.9,16.0,93.32,0.0,30.6,226,1020.2,90.4,0
10,21,12.8,12.8,13.0,91.51,0.0,27.4,233,1020.4,90.4,0
11,20,12.1,12.1,12.7,93.29,0.0,24.8,230,1021.0,90.3,0
11,21,12.0,12.0,10.4,94.5,0.0,18.7,227,1021.2,90.3,0
7,24,11.9,11.9,12.7,94.34,0.077,18.4,233,1021.2,88.3,0
3,28,11.3,11.3,12.7,96.1,0.0,19.4,260,1021.3,90.3,0
3,28,11.1,11.1,12.0,93.4,0.0,20.5,264,1021.3,90.3,0
3,28,10.8,10.8,14.7,93.78,0.0,21.6,263,1021.4,90.3,0
3,28,9.9,7.9,14.5,93.08,0.0,22.3,267,1021.4,58.5,0
3,28,9.8,8.0,12.7,92.35,0.0,23.4,257,1021.5,92.2,0
3,28,10.0,10.0,14.0,93.75,0.024,25.6,247,1022.3,92.2,0
5,27,10.0,10.0,15.7,93.34,0.0,26.6,254,1022.4,90.3,0
8,24,9.9,7.6,17.3,95.56,0.0,27.0,260,1023.3,92.2,0
10,22,9.9,7.8,15.3,95.64,0.0,26.6,264,1024.2,64.9,1
8,23,10.8,10.8,17.9,90.32,0.0,36.4,264,1024.5,55.4,2
9,22,11.8,11.8,20.2,87.22,0.0,41.0,266,1025.7,60.5,3
14,18,11.9,11.9,21.9,83.75,0.076,38.9,275,1026.4,55.9,1
16,15,12.6,12.6,24.6,78.11,0.0,39.2,273,1027.1,85.1,4
15,17,12.7,12.7,21.6,79.07,0.0,37.4,275,1027.2,78.0,0
13,19,12.1,12.1,21.4,80.8,0.0,39.6,267,1027.1,89.0,1
15,17,12.0,12.0,21.1,80.52,0.0,39.6,267,1027.3,65.1,1
19,12,11.1,11.1,17.1,77.85,0.0,36.0,260,1027.7,64.7,0
20,11,10.9,10.9,16.1,83.09,0.0,33.5,250,1028.4,85.1,0
21,11,10.9,10.9,17.6,76.93,0.0,35.3,247,1028.4,85.1,0
21,11,10.1,10.1,15.6,81.23,0.0,35.6,244,1028.4,81.1,0
17,15,9.6,6.9,19.4,84.92,0.0,37.1,232,1028.2,39.9,0
15,17,9.8,7.2,19.2,82.88,0.0,37.1,231,1027.5,85.1,0
12,19,10.0,7.3,20.4,80.06,0.0,35.3,227,1027.4,83.1,0
12,20,10.0,10.0,21.4,75.7,0.0,28.4,220,1026.6,87.8,0
11,20,9.9,7.2,20.7,78.31,0.0,44.3,230,1026.3,87.8,0
11,20,8.9,5.6,24.7,92.62,0.0,44.6,237,1026.4,81.9,0
11,20,8.9,5.7,23.6,92.78,0.0,56.2,247,1026.3,57.9,0
11,20,8.9,5.6,25.2,92.62,0.0,58.0,254,1026.4,40.9,0
11,20,8.9,6.2,18.6,93.11,0.0,58.0,251,1026.7,85.2,0
11,20,8.9,5.9,21.9,89.33,0.452,42.8,264,1027.4,85.1,0
14,18,8.2,4.8,22.5,91.85,0.0,43.2,257,1027.8,43.8,0
17,14,7.9,4.4,23.8,92.57,0.0,41.0,257,1028.4,67.4,0
22,6,8.3,4.8,25.2,90.89,0.0,44.3,254,1029.2,76.0,1
17,11,9.1,5.8,24.6,87.91,0.0,44.3,264,1029.3,77.1,1
19,10,9.8,6.9,22.4,87.5,0.0,44.6,250,1029.5,77.0,1
20,11,10.3,10.3,27.3,83.44,0.0,45.0,267,1030.2,84.9,2
21,10,10.9,10.9,23.9,74.79,0.0,45.0,264,1029.5,85.0,1
21,10,11.1,11.1,25.9,70.29,0.0,45.0,267,1029.3,85.1,2
18,13,11.0,11.0,21.3,72.25,0.0,43.6,257,1029.3,85.1,1
16,15,10.7,10.7,17.9,71.15,0.0,41.0,257,1029.2,84.9,1
20,12,10.2,10.2,12.7,75.94,0.0,36.4,240,1028.5,85.0,0
19,13,9.8,8.1,11.8,77.05,0.0,26.6,232,1028.9,73.8,0
17,15,9.2,7.4,11.7,80.07,0.0,28.4,207,1028.2,77.3,0
14,17,8.9,6.9,13.0,77.24,0.0,24.8,208,1028.2,77.3,0
11,20,8.9,6.6,14.4,76.88,0.0,19.8,203,1027.0,73.8,0
8,23,8.9,6.4,16.8,78.62,0.0,14.8,206,1026.9,68.9,0
8,24,9.0,6.5,17.2,78.79,0.0,14.4,199,1026.1,70.7,0
7,24,9.1,6.8,15.5,74.99,0.0,16.9,206,1025.2,66.3,0
6,25,8.9,5.9,21.4,78.98,0.0,22.0,220,1024.9,44.2,0
6,25,8.8,5.9,20.7,84.53,0.0,21.2,230,1023.9,72.9,0
6,25,9.3,6.7,18.4,86.94,0.0,25.6,223,1022.9,87.8,0
6,25,10.0,10.0,24.4,86.76,0.0,29.5,213,1021.3,89.0,0
6,25,9.9,7.1,20.9,86.68,0.0,34.9,219,1020.9,89.0,0
6,25,9.8,6.9,22.3,82.71,0.0,41.4,227,1020.2,89.2,0
7,24,9.7,6.9,21.8,79.14,0.0,49.0,220,1019.3,89.2,0
5,26,10.0,10.0,23.1,80.27,0.0,53.6,237,1019.2,90.4,0
11,21,10.8,10.8,22.1,77.88,0.0,60.1,227,1018.5,90.4,0
19,11,11.8,11.8,26.4,78.98,0.0,60.1,223,1018.1,90.4,1
22,9,12.1,12.1,28.5,80.58,0.0,49.7,220,1017.4,89.0,3
26,6,11.9,11.9,28.0,84.16,0.008,48.8,220,1017.1,90.3,1
16,15,11.9,11.9,29.6,87.02,0.0,50.6,227,1015.7,89.0,1
17,14,11.7,11.7,28.6,90.18,0.0,46.4,237,1015.5,89.0,2
5,27,11.6,11.6,30.6,83.3,0.0,56.9,267,1016.3,63.7,2
3,29,10.9,10.9,25.9,78.39,0.0,52.6,264,1017.1,55.6,1
3,29,9.9,7.7,15.8,76.97,0.0,43.9,247,1017.5,43.8,0
1,30,8.8,6.9,12.4,77.68,0.842,27.0,240,1017.6,51.3,0
4,27,8.3,6.2,13.0,80.19,0.0,29.9,244,1017.6,70.6,0
7,24,7.2,5.6,8.7,83.66,0.0,20.2,199,1017.4,30.0,0
6,26,5.5,3.0,11.4,91.43,0.0,10.1,191,1017.1,20.3,0
3,28,6.0,6.0,4.7,91.72,0.0,11.2,142,1015.5,73.6,0
1,31,6.5,4.2,11.4,81.96,0.0,11.2,141,1013.9,73.4,0
0,31,7.4,5.3,11.4,79.08,0.0,21.2,131,1011.8,75.4,0
0,31,8.8,5.7,21.4,76.55,0.0,23.4,157,1009.3,85.1,0
0,31,9.0,6.6,16.3,82.86,0.0,24.8,149,1007.1,89.0,0
0,31,8.6,6.5,12.7,91.17,0.0,22.7,154,1004.4,89.0,0
0,31,8.7,6.0,17.3,94.62,0.0,19.1,147,1001.4,90.4,0
0,31,9.4,6.5,21.8,92.85,0.0,23.4,161,998.9,90.3,0
1,31,10.6,10.6,22.4,90.59,1.528,57.6,171,996.1,90.4,0
2,29,11.4,11.4,24.6,87.16,0.0,64.8,181,993.9,89.1,0
8,24,11.6,11.6,30.7,86.57,0.0,44.6,200,992.1,90.3,0
8,23,12.0,12.0,28.5,86.71,0.0,61.2,210,991.1,89.0,1
12,20,12.6,12.6,29.6,88.78,0.0,61.2,230,991.1,89.1,1
13,19,12.8,12.8,32.3,88.25,0.0,58.8,250,991.5,93.0,1
13,19,12.6,12.6,36.4,80.59,0.092,57.2,260,992.5,79.3,0
16,15,12.6,12.6,39.1,76.14,0.0,64.8,260,993.1,59.9,3
20,12,11.4,11.4,35.4,78.48,0.0,51.8,267,993.5,63.7,2
17,14,11.6,11.6,29.3,73.29,0.0,63.0,260,993.9,66.2,3
18,14,10.6,10.6,26.8,73.38,0.0,55.1,257,994.1,64.8,1
17,14,10.6,10.6,20.4,68.67,0.0,43.6,240,993.5,67.6,0
20,12,9.8,7.3,18.1,68.59,0.0,26.6,229,993.3,54.1,0
28,4,9.1,6.3,19.1,72.25,0.0,34.2,209,992.9,89.0,0
30,2,7.9,4.9,19.0,91.28,0.0,40.7,224,992.3,92.8,0
25,6,8.0,4.8,21.3,80.53,0.0,40.3,210,990.4,48.5,0
23,8,8.7,5.1,26.5,77.98,0.0,46.1,203,989.1,45.0,0
23,8,9.0,5.4,28.3,76.82,0.0,44.6,210,987.3,83.9,0
22,10,9.0,5.8,23.1,76.41,0.282,38.9,217,986.8,89.0,0
20,11,7.9,5.0,17.7,87.11,0.0,54.7,234,986.3,89.1,0
20,11,5.2,0.0,33.6,91.65,0.0,52.6,263,985.8,89.0,0
20,11,4.8,1.5,14.7,90.47,0.0,48.2,203,983.6,85.1,0
20,11,5.0,1.7,15.8,91.48,0.0,49.7,220,982.5,88.9,0
20,11,5.7,2.8,14.4,84.8,0.0,41.0,227,982.3,89.0,0
21,11,5.0,1.9,14.4,90.89,3.535,30.6,230,981.5,89.0,0
22,9,4.8,1.1,17.6,89.1,0.0,32.8,257,980.3,85.1,0
29,3,4.6,1.3,14.6,89.24,0.0,37.1,240,981.2,73.4,0
17,14,4.1,0.9,13.8,87.0,0.0,42.1,247,980.6,88.7,0
26,5,4.8,0.9,19.3,86.65,0.0,46.4,257,980.4,88.8,1
28,4,4.9,0.5,24.6,83.41,0.0,47.9,261,981.0,89.0,1
31,1,5.0,0.6,24.5,77.81,0.001,45.7,264,980.5,87.5,2
30,2,5.9,1.2,30.4,69.88,0.0,51.1,272,980.3,83.6,1
27,5,6.3,1.2,36.3,64.8,0.0,54.0,276,980.1,66.2,3
4,28,6.8,2.1,33.8,62.91,0.0,48.2,267,980.2,59.6,3
5,26,5.9,2.0,21.9,67.42,0.0,54.7,260,980.4,54.0,0
4,28,5.8,1.6,24.5,66.44,0.0,38.9,250,980.3,51.1,0
1,30,4.8,0.4,24.0,72.36,0.0,46.4,248,980.3,47.6,0
1,31,4.5,0.0,23.1,77.16,0.0,48.2,238,980.3,51.5,0
0,31,4.0,-0.6,23.4,82.2,0.0,48.2,247,980.5,85.1,0
0,31,3.1,-1.5,20.7,88.26,0.0,44.6,230,980.5,66.3,0
0,31,3.0,-1.5,20.1,91.51,0.0,40.0,234,980.4,40.9,0
0,31,3.0,-1.9,23.3,87.78,0.0,43.2,241,980.5,74.0,0
0,31,3.0,-1.6,20.9,87.11,0.009,42.5,241,980.5,53.9,0
1,30,2.9,-1.7,21.6,89.07,0.0,45.4,250,980.6,81.3,0
1,30,2.9,-1.9,22.0,90.15,0.0,46.4,247,980.4,57.1,0
1,30,2.9,-2.0,24.1,89.32,0.0,46.4,247,980.5,83.8,0
1,30,2.9,-1.9,22.0,87.85,0.0,47.2,243,980.7,85.1,0
1,30,2.6,-2.2,22.1,88.22,0.0,47.9,244,980.4,80.5,0
1,30,2.5,-1.9,18.7,89.63,0.0,41.8,237,981.0,46.3,0
6,26,2.4,-2.2,20.2,88.88,0.0,37.1,243,981.4,76.0,0
9,22,2.3,-1.9,17.4,90.39,0.0,40.3,230,982.0,85.1,0
13,19,2.8,-1.1,16.4,89.33,0.0,39.6,240,982.4,84.9,0
21,11,3.4,-0.8,19.4,89.12,0.0,41.8,243,982.5,85.1,1
21,10,4.1,-0.2,21.1,85.51,0.0,47.5,249,982.8,77.3,1
22,10,5.2,0.4,29.1,82.01,0.001,42.5,264,983.2,76.0,1
18,13,5.9,1.8,24.3,75.01,0.0,45.4,266,983.2,75.7,5
9,22,6.2,2.3,22.6,74.79,0.0,44.6,260,983.3,49.9,1
9,22,6.8,2.8,25.7,68.37,0.0,43.2,269,983.6,48.6,3
6,25,6.7,3.6,16.8,64.62,0.0,41.0,253,984.1,50.0,1
2,30,6.0,2.8,16.4,69.85,0.0,41.0,247,984.4,44.8,0
8,23,4.7,1.2,16.4,73.29,0.0,32.4,244,985.4,39.8,0
9,23,3.7,-0.2,16.6,82.21,0.0,33.1,234,985.6,39.6,0
10,21,3.6,-0.4,17.4,83.21,0.0,35.3,234,986.3,39.7,0
13,18,3.6,-0.6,19.4,83.22,0.0,35.3,220,986.4,39.7,0
14,17,3.1,-0.9,17.4,86.41,0.0,34.2,229,986.5,44.8,0
12,19,3.0,-0.8,16.0,86.65,0.0,31.7,224,986.6,26.2,0
11,20,2.9,-0.8,14.7,87.04,0.0,25.2,230,987.1,44.6,0
8,23,3.0,-0.3,12.7,88.1,0.0,24.5,227,987.4,85.1,0
8,23,3.3,0.2,11.8,89.7,0.0,15.5,227,988.0,89.0,0
8,23,2.8,0.2,9.4,89.93,0.0,13.7,238,988.2,75.5,0
8,23,3.1,0.6,9.1,93.4,0.0,16.6,262,989.0,88.9,0
8,23,3.2,-0.2,13.2,93.69,0.0,20.2,285,990.0,89.0,0
9,22,2.4,-2.0,18.7,96.64,0.004,22.3,291,990.6,92.2,0
12,20,2.8,-0.7,13.7,93.85,0.0,24.1,277,991.6,92.2,0
14,17,2.8,-1.0,15.3,94.1,0.0,23.8,274,992.7,92.2,0
14,18,2.9,-0.6,13.7,93.94,0.0,27.7,266,993.5,92.0,0
11,20,3.4,1.0,9.1,93.34,0.0,30.2,241,994.0,71.7,2
12,19,4.2,1.4,11.7,90.68,0.0,29.9,245,994.5,81.9,2
15,16,5.5,2.5,14.0,86.66,0.0,28.1,259,995.4,89.0,2
15,17,5.6,2.8,13.5,84.77,0.0,30.2,276,995.5,89.1,5
15,16,6.1,3.1,15.5,83.11,0.0,30.2,283,995.5,89.1,2
11,21,7.2,5.0,11.6,76.46,0.0,29.5,294,995.4,63.2,1
12,19,7.0,4.5,13.5,75.86,0.0,27.7,282,996.0,72.8,1
11,20,6.2,4.3,9.3,79.07,0.0,23.0,290,996.2,63.1,0
7,25,4.0,2.9,5.3,84.34,0.0,4.3,257,996.1,83.5,0
7,24,1.9,0.0,6.7,90.83,0.0,5.4,140,996.1,87.6,0
6,25,3.4,1.2,8.1,92.54,0.0,8.3,163,996.3,79.9,0
12,20,3.7,1.1,10.3,89.8,0.0,8.6,148,996.0,85.2,0
12,19,2.9,0.9,7.4,91.44,0.0,8.3,146,995.4,81.1,0
12,19,3.1,3.1,4.4,92.07,0.0,7.6,134,995.0,50.0,0
14,18,2.7,0.4,8.2,95.59,0.0,9.4,138,994.5,65.2,0
12,19,4.0,2.1,7.6,91.51,0.0,9.4,139,994.1,87.6,0
12,19,4.0,1.4,10.7,91.02,0.0,11.9,126,993.6,87.6,0
12,19,3.1,0.1,11.4,92.15,0.0,14.4,97,992.9,87.8,0
12,19,3.4,1.0,9.0,92.68,0.0,18.0,103,992.9,87.8,0
12,19,3.6,0.2,13.7,94.04,0.0,23.8,80,992.2,87.8,0
12,19,5.5,2.1,16.8,93.44,0.0,32.8,74,992.0,87.8,0
14,18,5.7,2.8,14.0,88.27,0.0,37.8,104,992.2,87.8,0
17,15,5.8,1.7,23.7,91.71,0.0,39.6,82,992.9,93.0,0
17,14,6.1,2.6,18.6,92.77,0.0,38.9,97,993.1,89.0,0
17,14,6.2,2.4,21.3,86.23,0.0,37.4,87,993.5,89.0,1
21,10,6.8,3.0,23.0,80.41,0.0,38.9,63,994.1,89.0,0
25,6,7.1,3.1,26.5,83.46,1.493,34.9,63,994.4,89.0,1
27,5,7.4,3.1,30.8,77.36,0.0,41.0,67,995.0,89.0,2
29,3,7.0,2.6,31.4,79.14,0.0,46.4,53,995.9,88.9,1
28,4,6.9,2.5,31.8,78.48,0.0,45.7,50,996.5,89.0,1
23,8,6.8,2.4,29.6,76.83,0.0,53.6,50,998.0,83.1,1
23,9,6.4,2.2,26.5,81.91,0.0,44.6,39,999.1,90.3,1
22,9,5.9,1.5,27.2,75.49,0.0,32.0,23,1001.0,88.7,0
23,9,5.8,1.6,24.9,77.05,0.0,33.5,27,1002.5,54.0,0
21,11,5.8,1.8,22.8,82.1,0.0,28.1,24,1004.0,74.2,0
18,14,5.3,1.1,23.1,87.79,0.0,25.9,20,1005.1,85.1,0
17,15,4.8,1.1,18.6,87.43,0.0,24.1,356,1006.5,85.1,0
16,16,4.3,0.6,17.3,85.73,0.0,20.5,346,1007.6,67.7,0
14,18,3.9,0.0,17.9,87.52,0.747,17.3,356,1008.6,40.9,0
13,18,4.0,0.4,16.3,87.53,0.0,18.4,353,1010.1,87.8,0
13,18,3.4,-1.0,20.8,89.18,0.0,19.4,353,1011.5,65.1,0
13,18,3.0,-1.4,19.2,91.74,0.0,19.8,343,1012.8,37.1,0
13,18,2.1,-2.1,16.9,93.43,0.0,19.8,336,1014.2,17.2,0
13,18,2.1,-1.7,14.5,89.19,0.0,19.4,323,1015.5,17.2,0
13,18,1.5,-1.3,8.9,90.64,0.0,21.2,302,1016.7,17.2,0
15,16,1.9,-1.7,12.7,89.9,0.0,22.7,320,1017.5,17.2,0
11,20,1.6,-2.5,15.1,89.72,0.0,21.6,309,1018.4,17.2,0
4,27,3.1,0.0,12.0,90.98,0.0,23.4,317,1019.6,45.1,1
9,23,5.1,1.4,18.4,84.06,0.0,37.1,341,1020.4,57.1,2
11,21,6.6,2.9,21.8,76.16,0.0,37.8,3,1020.3,51.3,4
10,21,7.5,3.8,25.2,71.83,0.0,36.7,350,1021.4,47.3,1
11,21,7.9,4.7,20.3,66.18,0.0,37.4,346,1021.5,53.2,4
9,23,8.6,5.4,22.5,61.47,0.0,37.4,343,1021.6,45.9,1
8,23,8.7,5.9,19.0,56.11,0.0,36.7,10,1022.0,39.7,3
7,25,7.2,4.1,17.3,63.95,0.0,34.9,346,1022.3,51.4,1
3,28,7.3,4.8,13.2,63.31,0.0,27.4,330,1023.2,56.9,0
7,25,4.2,1.8,9.9,75.64,0.0,9.4,318,1023.3,57.1,0
4,28,2.4,-0.2,9.3,78.91,0.0,12.6,256,1023.6,51.5,0
0,31,1.3,-1.4,8.7,84.97,0.0,13.7,256,1023.5,20.3,0
0,31,2.2,0.0,7.7,82.73,0.0,13.7,206,1023.5,18.7,0
0,31,3.2,0.8,9.1,77.16,0.0,14.0,225,1023.6,30.2,0
0,31,2.7,-0.3,11.1,79.65,0.0,13.3,215,1023.4,25.6,0
0,31,2.1,-1.1,11.4,83.02,0.0,7.9,206,1022.5,45.3,0
1,30,3.4,-0.3,15.8,79.24,0.0,9.4,213,1021.6,90.0,0
1,30,4.2,1.1,13.2,77.94,0.0,8.6,208,1021.5,90.0,0
1,30,5.1,1.9,14.5,71.25,0.0,6.5,209,1020.4,95.4,0
1,30,5.8,2.1,20.1,66.45,0.0,10.4,212,1019.2,93.0,0
1,30,6.1,2.5,19.8,69.12,0.0,13.0,220,1018.3,93.0,0
1,30,6.6,2.8,23.5,71.45,0.0,40.3,220,1017.4,93.0,0
2,29,6.7,2.8,24.7,77.04,0.0,51.8,220,1015.8,93.0,0
4,28,6.7,2.4,27.6,82.32,0.0,55.4,226,1015.3,89.1,0
8,23,7.0,2.9,27.5,86.5,0.0,40.7,220,1014.6,89.1,1
15,17,7.9,4.2,25.0,84.75,0.0,54.7,227,1014.5,89.1,1
16,15,8.9,5.8,22.0,86.75,0.0,51.5,230,1014.5,89.0,4
14,17,9.1,6.2,20.3,92.62,0.149,40.0,243,1015.2,89.0,4
14,18,9.8,7.0,21.3,85.61,0.0,49.7,281,1015.3,87.5,2
15,17,10.0,6.4,32.6,66.87,0.0,45.4,290,1015.4,89.1,1
12,20,9.1,5.3,32.7,64.32,0.0,43.2,290,1016.2,89.0,1
9,22,8.8,5.4,25.1,62.35,0.0,42.5,286,1016.4,85.1,1
7,24,8.3,5.1,22.5,63.79,0.0,36.4,270,1017.2,65.0,0
9,23,7.0,4.5,13.0,69.07,0.0,21.2,262,1017.9,48.9,0
11,21,7.5,5.2,12.7,68.81,0.0,22.0,247,1018.2,57.2,0
11,20,6.5,4.0,12.7,73.21,0.0,19.4,220,1018.4,67.4,0
9,23,6.3,3.6,13.3,73.65,0.0,20.5,244,1018.5,87.8,0
8,24,5.6,3.2,11.4,76.84,0.0,21.2,242,1018.5,78.0,0
7,25,5.0,2.2,12.1,80.38,0.0,19.8,231,1018.5,50.1,0
7,24,4.8,2.7,8.7,82.76,0.0,15.8,213,1018.4,51.6,0
5,26,4.8,2.4,10.4,82.55,0.0,14.4,193,1017.6,51.7,0
5,26,5.1,2.5,11.1,81.13,0.0,8.3,190,1017.5,75.4,0
6,25,5.4,3.3,9.5,78.87,0.0,7.6,177,1016.4,84.6,0
6,25,5.8,5.8,3.4,76.07,0.0,10.4,135,1015.4,89.0,0
6,25,6.3,4.1,10.8,74.59,0.0,10.4,196,1014.1,89.1,0
7,25,6.8,3.8,16.1,76.56,0.009,10.1,170,1013.2,89.0,0
10,22,6.1,2.8,17.0,87.44,0.0,10.8,166,1011.5,89.1,0
11,20,6.7,3.7,16.3,91.79,0.0,51.8,178,1011.0,89.1,0
14,17,9.2,6.7,17.4,88.21,0.0,19.8,170,1010.5,89.1,0
20,11,10.1,10.1,21.5,89.51,0.0,51.8,227,1010.0,90.4,1
22,9,11.0,11.0,23.1,89.09,0.0,51.5,234,1009.4,89.0,1
20,10,11.9,11.9,24.0,87.71,0.678,43.2,233,1008.9,89.0,2
21,9,12.1,12.1,22.1,87.35,0.0,48.6,220,1008.1,90.3,1
22,8,12.1,12.1,21.0,88.94,0.0,50.4,220,1007.1,92.2,1
18,12,11.9,11.9,19.7,93.6,0.0,47.2,220,1006.2,90.3,1
18,13,12.0,12.0,21.0,93.85,0.0,42.8,223,1005.4,90.3,1
15,16,11.9,11.9,23.9,94.26,0.0,45.0,223,1004.3,90.3,0
16,15,11.9,11.9,23.5,92.65,0.0,44.6,220,1003.4,90.3,0
14,17,11.7,11.7,22.8,93.76,0.0,48.6,223,1003.3,84.5,0
16,15,10.9,10.9,18.8,89.1,0.0,49.7,240,1003.3,90.3,0
15,16,9.9,7.3,20.8,93.5,0.0,49.3,233,1002.0,88.0,0
14,18,9.7,6.7,23.7,87.71,0.0,54.4,247,1002.3,90.3,0
10,22,9.0,5.9,22.3,84.31,0.0,54.0,250,1002.1,85.1,0
8,24,8.1,4.4,26.0,85.7,0.623,49.7,250,1002.0,74.2,0
7,24,7.5,3.6,26.2,79.08,0.0,53.1,250,1002.2,67.6,0
7,24,6.9,3.3,22.1,80.53,0.0,38.9,248,1002.2,44.7,0
7,24,6.5,3.0,20.0,78.75,0.0,48.6,236,1002.0,50.0,0
7,24,5.9,2.1,21.7,81.68,0.0,49.0,250,1001.5,39.6,0
7,24,5.5,2.0,17.8,78.11,0.0,47.5,231,1001.6,55.9,0
8,23,4.8,1.2,17.4,82.22,0.0,39.6,229,1001.5,55.9,0
11,21,5.0,1.3,18.4,80.23,0.0,43.2,223,1001.5,73.5,0
1,30,5.0,1.6,15.8,80.6,0.0,46.1,230,1001.5,66.1,0
8,24,5.1,1.3,19.7,80.3,0.0,46.1,223,1001.6,72.5,0
14,17,6.1,2.3,21.5,79.48,0.0,46.4,239,1001.4,46.0,2
10,22,7.0,3.3,22.8,71.48,0.0,50.8,240,1001.3,44.8,3
7,25,7.2,3.7,21.0,68.98,0.001,43.9,244,1000.5,53.9,4
5,26,7.7,4.2,22.8,61.4,0.0,38.9,240,1000.2,63.8,5
4,27,6.5,3.1,19.2,67.04,0.0,46.4,230,999.6,51.5,3
1,30,6.2,2.6,20.2,67.6,0.0,50.4,240,999.4,47.4,0
2,29,5.7,2.0,19.5,72.5,0.0,44.6,225,998.7,46.1,1
1,30,2.9,-1.7,21.0,91.68,0.0,42.5,273,999.2,65.1,0
1,30,2.8,-0.4,12.6,86.99,0.075,32.8,227,998.1,27.6,0
2,29,2.9,-0.6,14.1,84.4,0.0,34.6,198,997.6,25.0,0
3,29,2.5,-1.3,15.0,81.01,0.0,29.5,203,996.9,17.2,0
1,30,2.1,-1.9,15.0,81.86,0.0,20.5,176,995.5,17.4,0
0,31,2.8,-0.3,11.1,73.08,0.0,13.3,125,994.1,84.6,0
1,31,3.3,0.3,11.6,73.74,0.0,14.4,139,992.9,89.0,0
